Time Sent,Campaign Name,Total Sent,Open Rate,Industry Standard Open Rate,Total Unique Opens,Mobile Open Rate,Desktop Open Rate,Click Through Rate,Industry Standard Click Through Rate,Total Unique Clicks,Bounce Rate,Total Bounces,Unsubscribe Rate,Total Unsubscribes,Customer List,Discount
"Fri, Apr 10, 2015 5:55 PM",AwarenessApril2015,267,77.70%,39.41%,202,35.70%,64.30%,6.40%,9.78%,13,2.60%,7,0.00%,0,Customer Rewards Program Member,
"Fri, Apr 13, 2018 7:31 PM",Awareness1November2018,118,69.00%,39.41%,78,69.40%,30.60%,24.40%,9.78%,19,4.20%,5,0.00%,0,Target Demographic,
"Fri, Apr 15, 2016 1:11 PM",AwarenessApril2016,3855,28.00%,39.41%,986,61.90%,38.10%,0.60%,9.78%,6,8.70%,334,0.10%,2,Master,
"Fri, Apr 20, 2018 7:04 PM",Awareness2February2018,117,80.20%,39.41%,93,67.10%,32.90%,26.90%,9.78%,25,0.90%,1,0.00%,0,Target Demographic,
"Fri, Apr 21, 2017 11:57 AM",Promotion4April2017,228,61.80%,39.41%,139,63.00%,37.00%,49.60%,9.78%,69,1.30%,3,0.00%,0,Customer Rewards Program Member,
"Mon, Apr 23, 2018 9:50 PM",Discount4April2018,115,88.40%,39.41%,99,55.60%,44.40%,84.80%,9.78%,84,2.60%,3,0.00%,0,Target Demographic,0.2
"Tue, Sep 19, 2017 6:09 PM",Discount4September2017,147,82.60%,39.41%,119,69.80%,30.20%,71.40%,9.78%,85,2.00%,3,0.00%,0,Customer Rewards Program Member,0.3
"Fri, Apr 21, 2017 8:11 AM",Discount5April2017,126,86.40%,39.41%,108,64.60%,35.40%,63.00%,9.78%,68,0.80%,1,0.00%,0,Customer Rewards Program Member,0.3
"Fri, Apr 7, 2017 5:48 AM",Promotion2April2017,3941,25.50%,39.41%,889,56.40%,43.60%,20.00%,9.78%,178,11.40%,448,0.10%,4,Master,
"Fri, Apr 8, 2016 12:35 PM",PromotionApril2016,90,62.50%,39.41%,55,46.90%,53.10%,7.30%,9.78%,4,2.20%,2,0.00%,0,Customer Rewards Program Member,
"Fri, Nov 3, 2017 10:36 AM",DiscountNovember2017,29,82.80%,39.41%,24,57.90%,42.10%,62.50%,9.78%,15,0.00%,0,0.00%,0,Customer Rewards Program Member,0.2
"Tue, Oct 3, 2017 8:10 PM",DiscountOctober2017,149,81.60%,39.41%,120,68.10%,31.90%,61.70%,9.78%,74,1.30%,2,0.00%,0,Customer Rewards Program Member,0.2
"Tue, Feb 27, 2018 12:21 AM",Discount4February2018,225,75.20%,39.41%,167,48.10%,51.90%,58.70%,9.78%,98,1.30%,3,0.00%,0,Customer Rewards Program Member,0.2
"Fri, Aug 5, 2016 10:19 AM",PromotionAugust2016,3945,22.20%,39.41%,792,59.90%,40.10%,0.30%,9.78%,2,9.40%,370,0.10%,3,Master,
"Mon, Mar 6, 2017 7:44 PM",DiscountMarch2017,228,71.20%,39.41%,161,49.20%,50.80%,55.30%,9.78%,89,0.90%,2,0.00%,0,Customer Rewards Program Member,0.2
"Fri, Aug 7, 2015 7:59 AM",Promotion1August2015,3877,27.30%,39.41%,988,56.40%,43.60%,1.10%,9.78%,11,6.80%,262,0.10%,4,Master,
"Mon, Feb 27, 2017 7:26 PM",Discount1February2017,59,88.10%,39.41%,52,56.60%,43.40%,50.00%,9.78%,26,0.00%,0,0.00%,0,Customer Rewards Program Member,0.75
"Fri, Dec 15, 2017 3:11 PM",Awareness1December2017,29,82.80%,39.41%,24,43.90%,56.10%,4.20%,9.78%,1,0.00%,0,0.00%,0,Customer Rewards Program Member,
"Thu, Apr 27, 2017 11:37 PM",Discount5April2017,129,74.20%,39.41%,95,60.40%,39.60%,44.20%,9.78%,42,0.80%,1,0.00%,0,Customer Rewards Program Member,0.2
"Tue, Mar 1, 2016 5:01 PM",DiscountMarch2016,238,83.40%,39.41%,196,47.00%,53.00%,43.40%,9.78%,85,1.30%,3,0.00%,0,Customer Rewards Program Member,0.2
"Fri, Dec 22, 2017 9:09 AM",Promotion2December2017,51,25.50%,39.41%,13,68.20%,31.80%,0.00%,9.78%,0,0.00%,0,0.00%,0,Customer Rewards Program Member,
"Fri, Feb 14, 2014 2:52 PM",PromotionFebruary2014,230,78.60%,39.41%,176,0.00%,100.00%,5.10%,9.78%,9,2.60%,6,0.00%,0,Customer Rewards Program Member,
"Fri, Feb 20, 2015 1:33 PM",AwarenessFebruary2015,240,67.30%,39.41%,152,0.00%,100.00%,0.00%,9.78%,0,5.80%,14,0.00%,0,Customer Rewards Program Member,
"Thu, Jun 15, 2017 8:45 AM",Discount3June2017,91,78.40%,39.41%,69,49.60%,50.40%,40.60%,9.78%,28,3.30%,3,0.00%,0,Customer Rewards Program Member,0.2
"Fri, Jan 12, 2018 12:08 PM",Promotion2January2018,3531,22.50%,39.41%,770,52.60%,47.40%,1.80%,9.78%,14,3.10%,110,0.10%,2,Master,
"Fri, Jan 12, 2018 4:27 PM",Awareness1January2018,33,33.30%,39.41%,11,88.00%,12.00%,0.00%,9.78%,0,0.00%,0,0.00%,0,Customer Rewards Program Member,
"Fri, Jan 15, 2016 9:17 AM",AwarenessJanuary2016,3875,23.70%,39.41%,851,54.60%,45.40%,9.50%,9.78%,81,7.40%,287,0.20%,6,Master,
"Fri, Jan 19, 2018 6:05 PM",Awareness3January2018,3911,22.70%,39.41%,860,53.90%,46.10%,6.70%,9.78%,58,3.00%,119,0.10%,3,Master,
"Fri, Jan 20, 2017 5:31 AM",Awareness1January2017,3924,24.30%,39.41%,851,59.60%,40.40%,13.70%,9.78%,117,10.90%,429,0.10%,3,Master,
"Fri, Jan 30, 2015 1:32 PM",Awareness2January2015,230,66.70%,39.41%,150,0.00%,100.00%,5.30%,9.78%,8,2.20%,5,0.00%,0,Customer Rewards Program Member,
"Thu, Mar 26, 2015 3:29 PM",Discount3March2015,55,60.00%,39.41%,27,33.30%,66.70%,37.00%,9.78%,10,18.20%,10,0.00%,0,Customer Rewards Program Member,0.2
"Fri, Jan 6, 2017 5:00 AM",PromotionJanuary2017,54,33.30%,39.41%,17,81.00%,19.00%,0.00%,9.78%,0,5.60%,3,0.00%,0,Customer Rewards Program Member,
"Fri, Jan 6, 2017 5:32 AM",AwarenessJanuary2017,3835,23.90%,39.41%,817,54.70%,45.30%,20.70%,9.78%,169,10.90%,419,0.10%,3,Master,
"Wed, Jun 1, 2016 4:26 PM",DiscountJune2016,12,100.00%,39.41%,11,70.40%,29.60%,36.40%,9.78%,4,8.30%,1,0.00%,0,Customer Rewards Program Member,0.2
"Fri, Jan 9, 2015 8:33 AM",Promotion1January2015,4383,37.20%,39.41%,1309,19.00%,81.00%,23.30%,9.78%,305,19.70%,862,0.20%,8,Master,
"Mon, Feb 26, 2018 1:27 AM",Discount3February2018,99,73.40%,39.41%,69,45.40%,54.60%,36.20%,9.78%,25,5.10%,5,0.00%,0,Customer Rewards Program Member,0.2
"Sat, Mar 10, 2018 9:55 PM",Discount1March2018,116,78.60%,39.41%,88,62.60%,37.40%,34.10%,9.78%,30,3.40%,4,0.90%,1,Target Demographic,0.4
"Fri, Jul 18, 2014 5:17 PM",Promotion3July2014,172,76.30%,39.41%,129,0.00%,100.00%,3.90%,9.78%,5,1.70%,3,0.00%,0,Target Demographic,
"Fri, Jul 18, 2014 5:33 PM",Awareness2July2014,129,45.50%,39.41%,56,0.00%,0.00%,0.00%,9.78%,0,4.70%,6,0.00%,0,Customer Rewards Program Member,
"Fri, Jul 18, 2014 5:37 PM",Promotion2July2014,264,52.80%,39.41%,132,100.00%,0.00%,0.00%,9.78%,0,5.30%,14,0.40%,1,Customer Rewards Program Member,
"Mon, Jun 6, 2016 12:23 PM",Discount1June2016,79,82.30%,39.41%,65,52.70%,47.30%,33.80%,9.78%,22,0.00%,0,0.00%,0,Customer Rewards Program Member,0.2
"Sat, May 24, 2014 5:46 PM",Discount6May2014,87,79.30%,39.41%,69,0.00%,100.00%,33.30%,9.78%,23,0.00%,0,0.00%,0,Customer Rewards Program Member,0.2
"Fri, Jul 22, 2016 10:27 AM",Promotion1July2016,176,73.70%,39.41%,129,54.80%,45.20%,2.30%,9.78%,3,0.60%,1,0.00%,0,Target Demographic,
"Fri, Jul 8, 2016 6:12 PM",PromotionJuly2016,140,77.50%,39.41%,107,67.10%,32.90%,0.90%,9.78%,1,1.40%,2,0.00%,0,Customer Rewards Program Member,
"Fri, Jun 13, 2014 2:19 PM",Promotion2June2014,4021,32.10%,39.41%,1053,0.00%,100.00%,0.00%,9.78%,0,18.30%,737,0.10%,4,Master,
"Mon, Aug 1, 2016 4:31 PM",DiscountAugust2016,245,73.10%,39.41%,177,59.40%,40.60%,29.90%,9.78%,53,1.20%,3,0.00%,0,Customer Rewards Program Member,0.2
"Fri, Jun 19, 2015 5:18 PM",Promotion1June2015,92,69.60%,39.41%,64,45.00%,55.00%,4.70%,9.78%,3,0.00%,0,0.00%,0,Customer Rewards Program Member,
"Fri, Jun 23, 2017 5:34 AM",Awareness2June2017,3783,22.10%,39.41%,734,58.20%,41.80%,1.00%,9.78%,7,12.30%,466,0.10%,4,Master,
"Tue, Apr 11, 2017 9:39 PM",Discount4April2017,23,73.90%,39.41%,17,48.90%,51.10%,29.40%,9.78%,5,0.00%,0,0.00%,0,Customer Rewards Program Member,0.2
"Fri, Jun 27, 2014 10:56 AM",Awareness3June2014,179,73.10%,39.41%,128,0.00%,100.00%,3.10%,9.78%,4,2.20%,4,0.00%,0,Target Demographic,
"Thu, Aug 10, 2017 1:05 PM",Discount2August2017,173,70.80%,39.41%,121,47.40%,52.60%,27.30%,9.78%,33,1.20%,2,0.00%,0,Target Demographic,0.2
"Fri, Jun 3, 2016 3:10 PM",PromotionJune2016,3943,21.90%,39.41%,788,60.70%,39.30%,2.40%,9.78%,19,8.90%,350,0.10%,2,Master,
"Tue, Mar 13, 2018 7:08 PM",Discount2March2018,227,73.00%,39.41%,162,53.30%,46.70%,27.20%,9.78%,44,2.20%,5,0.00%,0,Customer Rewards Program Member,0.75
"Fri, Jun 9, 2017 6:03 PM",PromotionJune2017,226,63.60%,39.41%,143,62.20%,37.80%,2.10%,9.78%,3,0.40%,1,0.00%,0,Customer Rewards Program Member,
"Mon, Aug 10, 2015 3:59 PM",Discount3August2015,194,81.40%,39.41%,158,34.60%,65.40%,26.60%,9.78%,42,0.00%,0,0.00%,0,Target Demographic,0.2
"Fri, Mar 24, 2017 4:06 PM",Promotion1March2017,57,34.00%,39.41%,18,77.80%,22.20%,5.60%,9.78%,1,7.00%,4,0.00%,0,Customer Rewards Program Member,
"Sun, Mar 25, 2018 12:40 PM",Discount4March2018,4,100.00%,39.41%,4,45.00%,55.00%,25.00%,9.78%,1,0.00%,0,0.00%,0,Customer Rewards Program Member,0.4
"Thu, Jun 4, 2015 5:57 PM",DiscountJune2015,84,82.10%,39.41%,69,26.50%,73.50%,24.60%,9.78%,17,0.00%,0,0.00%,0,Customer Rewards Program Member,0.2
"Fri, Mar 9, 2018 11:03 PM",AwarenessMarch2018,36,61.10%,39.41%,22,39.00%,61.00%,31.80%,9.78%,7,0.00%,0,0.00%,0,Customer Rewards Program Member,
"Fri, May 19, 2017 4:52 PM",Promotion2May2017,139,68.80%,39.41%,95,75.00%,25.00%,8.40%,9.78%,8,0.70%,1,0.00%,0,Customer Rewards Program Member,
"Wed, Aug 13, 2014 11:46 AM",Discount2August2014,200,83.60%,39.41%,158,0.00%,100.00%,24.10%,9.78%,38,5.50%,11,0.00%,0,Customer Rewards Program Member,0.2
"Mon, Dec 11, 2017 6:02 PM",Discount1December2017,3516,26.10%,39.41%,800,54.90%,45.10%,23.60%,9.78%,189,12.70%,448,0.00%,0,Master,0.2
"Fri, May 30, 2014 10:52 AM",Awareness5May2014,2941,27.60%,39.41%,675,33.30%,66.70%,1.60%,9.78%,11,16.90%,498,0.10%,3,Master,
"Fri, May 30, 2014 2:15 PM",Promotion6May2014,4052,44.80%,39.41%,1489,20.00%,80.00%,0.00%,9.78%,0,18.00%,731,0.20%,7,Master,
"Sat, Mar 17, 2018 12:30 AM",Discount3March2018,106,78.40%,39.41%,80,73.70%,26.30%,22.50%,9.78%,18,3.80%,4,0.00%,0,Target Demographic,0.2
"Mon, Jan 1, 2018 6:01 AM",DiscountJanuary2018,3498,24.50%,39.41%,829,49.20%,50.80%,22.10%,9.78%,183,3.30%,114,0.10%,3,Master,0.2
"Fri, Nov 3, 2017 7:37 PM",PromotionNovember2017,29,89.70%,39.41%,26,54.40%,45.60%,57.70%,9.78%,15,0.00%,0,0.00%,0,Customer Rewards Program Member,
"Fri, Oct 13, 2017 7:04 PM",Promotion2October2017,149,55.80%,39.41%,82,71.10%,28.90%,19.50%,9.78%,16,1.30%,2,0.00%,0,Customer Rewards Program Member,
"Fri, Oct 17, 2014 11:43 AM",AwarenessOctober2014,202,73.70%,39.41%,143,12.50%,87.50%,24.50%,9.78%,35,4.00%,8,0.00%,0,Customer Rewards Program Member,
"Fri, Oct 24, 2014 1:25 PM",Promotion1October2014,4391,21.40%,39.41%,764,10.00%,90.00%,0.10%,9.78%,1,18.90%,829,0.10%,2,Master,
"Fri, Oct 30, 2015 7:46 AM",PromotionOctober2015,3911,22.90%,39.41%,832,56.00%,44.00%,2.00%,9.78%,17,7.00%,275,0.20%,6,Master,
"Wed, Jun 14, 2017 11:50 AM",Discount1June2017,153,67.10%,39.41%,102,44.20%,55.80%,21.60%,9.78%,22,0.70%,1,0.00%,0,Customer Rewards Program Member,0.2
"Fri, Sep 15, 2017 11:01 PM",Awareness2September2017,390,62.30%,39.41%,241,57.40%,42.60%,12.90%,9.78%,31,0.80%,3,0.00%,0,Target Demographic,
"Fri, Sep 15, 2017 7:00 PM",Promotion3September2017,146,76.90%,39.41%,110,73.70%,26.30%,27.30%,9.78%,30,2.10%,3,0.00%,0,Customer Rewards Program Member,
"Fri, Sep 29, 2017 7:00 PM",Discount6September2017,148,64.40%,39.41%,94,78.70%,21.30%,20.20%,9.78%,19,1.40%,2,0.00%,0,Customer Rewards Program Member,0.75
"Tue, Aug 12, 2014 12:05 PM",Discount1August2014,28,35.70%,39.41%,10,0.00%,0.00%,20.00%,9.78%,2,0.00%,0,0.00%,0,Customer Rewards Program Member,0.2
"Thu, Jul 20, 2017 11:54 AM",Discount4July2017,100,70.40%,39.41%,69,63.10%,36.90%,18.80%,9.78%,13,2.00%,2,0.00%,0,Customer Rewards Program Member,0.2
"Fri, Sep 22, 2017 7:05 PM",Discount5September2017,147,64.80%,39.41%,94,75.20%,24.80%,18.10%,9.78%,17,1.40%,2,0.00%,0,Customer Rewards Program Member,0.2
"Thu, Jun 15, 2017 11:03 AM",Discount2June2017,3865,25.30%,39.41%,862,55.00%,45.00%,18.10%,9.78%,156,11.90%,461,0.20%,6,Master,0.2
"Mon, Apr 17, 2017 8:12 AM",Awareness2April2017,121,79.80%,39.41%,95,51.10%,48.90%,37.90%,9.78%,36,1.70%,2,0.00%,0,Customer Rewards Program Member,
"Fri, Oct 6, 2017 7:04 PM",Discount1October2017,149,53.10%,39.41%,78,68.60%,31.40%,17.90%,9.78%,14,1.30%,2,0.00%,0,Customer Rewards Program Member,0.2
"Mon, Apr 18, 2016 4:57 PM",Promotion1April2016,69,82.60%,39.41%,57,59.30%,40.70%,1.80%,9.78%,1,0.00%,0,0.00%,0,Customer Rewards Program Member,
"Tue, Jan 3, 2017 1:35 PM",DiscountJanuary2017,53,57.10%,39.41%,28,50.00%,50.00%,17.90%,9.78%,5,7.50%,4,0.00%,0,Customer Rewards Program Member,0.2
"Mon, Apr 21, 2014 9:50 AM",Awareness2April2014,242,56.80%,39.41%,134,0.00%,100.00%,1.50%,9.78%,2,2.50%,6,0.00%,0,Customer Rewards Program Member,
"Fri, Mar 24, 2017 4:05 PM",Discount2March2017,3944,28.10%,39.41%,985,51.90%,48.10%,16.80%,9.78%,165,11.20%,440,0.10%,4,Master,0.2
"Tue, Jan 23, 2018 7:05 AM",Discount5January2018,271,49.60%,39.41%,132,44.90%,55.10%,16.70%,9.78%,22,1.80%,5,0.00%,0,Customer Rewards Program Member,0.2
"Fri, Sep 5, 2014 5:38 PM",DiscountSeptember2014,203,70.00%,39.41%,140,0.00%,100.00%,16.40%,9.78%,23,1.50%,3,0.00%,0,Customer Rewards Program Member,0.2
"Sat, Feb 17, 2018 10:20 AM",Discount1February2018,311,58.60%,39.41%,177,51.50%,48.50%,16.40%,9.78%,29,2.90%,9,0.00%,0,Target Demographic,0.2
"Mon, Jan 15, 2018 12:03 PM",Discount4January2018,251,53.40%,39.41%,132,47.00%,53.00%,15.90%,9.78%,21,1.60%,4,0.00%,0,Customer Rewards Program Member,0.2
"Mon, Aug 3, 2015 11:03 AM",PromotionAugust2015,3879,29.80%,39.41%,1079,53.20%,46.80%,0.10%,9.78%,1,6.60%,257,0.10%,4,Master,
"Tue, Jul 4, 2017 5:49 AM",DiscountJuly2017,3830,23.40%,39.41%,787,63.60%,36.40%,15.50%,9.78%,122,12.10%,464,0.10%,3,Master,0.2
"Wed, May 28, 2014 4:10 PM",Discount9May2014,91,78.00%,39.41%,71,33.30%,66.70%,15.50%,9.78%,11,0.00%,0,0.00%,0,Customer Rewards Program Member,0.4
"Tue, Apr 24, 2018 5:09 PM",Discount5May2018,3636,27.00%,39.41%,945,48.10%,51.90%,14.80%,9.78%,140,3.80%,137,0.30%,10,Master,0.4
"Mon, Dec 28, 2015 10:17 AM",AwarenessDecember2015,3892,24.40%,39.41%,878,63.70%,36.30%,0.00%,9.78%,0,7.60%,297,0.30%,10,Master,
"Mon, Dec 4, 2017 10:24 PM",PromotionDecember2017,3541,20.40%,39.41%,706,56.30%,43.70%,2.80%,9.78%,20,2.20%,78,0.10%,4,Master,
"Mon, Oct 10, 2016 11:11 AM",DiscountOctober2016,252,66.70%,39.41%,166,48.20%,51.80%,14.50%,9.78%,24,1.20%,3,0.00%,0,Customer Rewards Program Member,0.4
"Mon, May 22, 2017 9:47 AM",Discount4May2017,155,68.80%,39.41%,106,46.80%,53.20%,14.20%,9.78%,15,0.60%,1,0.00%,0,Target Demographic,0.4
"Mon, Feb 26, 2018 9:58 AM",Awareness1February2018,245,53.60%,39.41%,128,43.90%,56.10%,25.00%,9.78%,32,2.40%,6,0.00%,0,Customer Rewards Program Member,
"Thu, Apr 12, 2018 7:33 AM",Discount3October2018,3639,21.40%,39.41%,747,53.50%,46.50%,14.20%,9.78%,106,4.10%,148,0.10%,3,Master,0.5
"Sat, Jan 10, 2015 12:58 PM",Discount2January2015,104,79.40%,39.41%,81,0.00%,100.00%,13.60%,9.78%,11,1.90%,2,0.00%,0,Target Demographic,0.2
"Mon, Jan 23, 2017 5:30 AM",Discount4January2017,3920,23.30%,39.41%,814,55.70%,44.30%,13.10%,9.78%,107,10.90%,427,0.10%,3,Master,0.2
"Mon, Jan 1, 2018 6:04 AM",PromotionJanuary2018,3507,23.60%,39.41%,803,53.00%,47.00%,6.80%,9.78%,55,3.10%,109,0.10%,4,Master,
"Fri, Dec 15, 2017 5:50 PM",Discount3December2017,29,79.30%,39.41%,23,52.70%,47.30%,13.00%,9.78%,3,0.00%,0,0.00%,0,Customer Rewards Program Member,0.2
"Mon, Jan 16, 2017 4:32 PM",Promotion1January2017,3829,35.00%,39.41%,1192,60.60%,39.40%,8.70%,9.78%,104,11.20%,427,0.10%,5,Master,
"Mon, Jan 19, 2015 3:30 PM",Awareness1January2015,4378,32.70%,39.41%,1148,36.40%,63.60%,2.50%,9.78%,29,19.90%,870,0.10%,3,Master,
"Mon, Jan 8, 2018 8:07 PM",Discount2January2018,54,42.60%,39.41%,23,19.50%,80.50%,13.00%,9.78%,3,0.00%,0,0.00%,0,Customer Rewards Program Member,0.2
"Fri, Jan 1, 2016 11:55 AM",DiscountJanuary2016,3886,26.60%,39.41%,955,56.10%,43.90%,12.90%,9.78%,123,7.70%,300,0.20%,7,Master,0.2
"Mon, May 1, 2017 11:33 AM",DiscountMay2017,3863,22.50%,39.41%,767,50.30%,49.70%,12.60%,9.78%,97,11.80%,454,0.20%,6,Master,0.2
"Wed, May 4, 2016 4:51 PM",Discount1May2016,3903,30.40%,39.41%,1088,64.60%,35.40%,12.60%,9.78%,137,8.40%,329,0.10%,3,Master,0.3
"Mon, Jul 10, 2017 11:15 AM",AwarenessJuly2017,3798,26.00%,39.41%,868,56.80%,43.20%,0.60%,9.78%,5,12.20%,463,0.20%,6,Master,
"Mon, Jan 25, 2016 3:47 PM",Discount3January2016,3856,39.10%,39.41%,1389,61.30%,38.70%,12.50%,9.78%,174,7.80%,301,0.10%,4,Master,0.2
"Mon, Jul 21, 2014 10:07 AM",Promotion4July2014,385,54.90%,39.41%,207,0.00%,0.00%,1.00%,9.78%,2,2.10%,8,0.00%,0,Target Demographic,
"Thu, Oct 19, 2017 12:01 AM",Discount4October2017,51,48.00%,39.41%,24,56.70%,43.30%,12.50%,9.78%,3,2.00%,1,0.00%,0,Customer Rewards Program Member,0.2
"Tue, Aug 1, 2017 3:20 PM",DiscountAugust2017,153,65.60%,39.41%,99,52.00%,48.00%,12.10%,9.78%,12,1.30%,2,0.00%,0,Customer Rewards Program Member,0.2
"Mon, Jul 21, 2014 10:54 AM",Awareness3July2014,311,42.20%,39.41%,125,0.00%,0.00%,0.00%,9.78%,0,4.80%,15,0.00%,0,Target Demographic,
"Mon, Jul 21, 2014 11:03 AM",Promotion4July2014,258,36.40%,39.41%,90,0.00%,100.00%,0.00%,9.78%,0,4.30%,11,0.00%,0,Customer Rewards Program Member,
"Wed, Jan 14, 2015 8:25 AM",Discount3January2015,174,74.30%,39.41%,124,25.00%,75.00%,12.10%,9.78%,15,4.00%,7,0.00%,0,Target Demographic,0.2
"Thu, Sep 14, 2017 4:54 PM",Discount4September2017,169,46.00%,39.41%,75,63.30%,36.70%,12.00%,9.78%,9,3.60%,6,0.60%,1,Target Demographic,0.2
"Mon, Jul 27, 2015 4:50 PM",Promotion2July2015,49,57.10%,39.41%,28,36.50%,63.50%,3.60%,9.78%,1,0.00%,0,0.00%,0,Customer Rewards Program Member,
"Mon, Jul 28, 2014 4:18 PM",Promotion6July2014,190,73.70%,39.41%,137,0.00%,100.00%,6.60%,9.78%,9,2.10%,4,0.00%,0,Target Demographic,
"Fri, Jan 5, 2018 12:32 PM",Discount1January2018,3899,23.60%,39.41%,893,51.20%,48.80%,11.90%,9.78%,106,2.90%,114,0.10%,5,Master,0.2
"Mon, Jun 13, 2016 12:21 PM",Promotion1June2016,3945,25.70%,39.41%,925,54.30%,45.70%,1.30%,9.78%,12,8.90%,350,0.10%,2,Master,
"Thu, Jul 24, 2014 11:15 AM",Discount10July2014,101,69.40%,39.41%,68,0.00%,0.00%,11.80%,9.78%,8,3.00%,3,0.00%,0,Target Demographic,0.2
"Mon, Jun 2, 2014 10:00 AM",PromotionJune2014,4043,28.10%,39.41%,932,66.70%,33.30%,0.00%,9.78%,0,18.00%,728,0.30%,11,Master,
"Tue, Apr 3, 2018 2:55 PM",DiscountApril2018,3612,22.10%,39.41%,771,54.70%,45.30%,11.80%,9.78%,91,3.50%,126,0.10%,3,Master,0.75
"Thu, Nov 30, 2017 9:08 PM",Discount2November2017,168,47.30%,39.41%,79,56.80%,43.20%,11.40%,9.78%,9,0.60%,1,0.00%,0,Target Demographic,0.2
"Mon, Jun 29, 2015 5:19 PM",Awareness2June2015,4465,25.70%,39.41%,932,51.00%,49.00%,2.30%,9.78%,21,18.70%,834,0.10%,6,Master,
"Mon, Jun 30, 2014 2:14 PM",Promotion4June2014,92,83.30%,39.41%,75,0.00%,100.00%,5.30%,9.78%,4,2.20%,2,0.00%,0,Customer Rewards Program Member,
"Tue, Jan 17, 2017 12:08 PM",Discount2January2017,3826,26.00%,39.41%,883,55.20%,44.80%,10.80%,9.78%,95,11.20%,430,0.10%,5,Master,0.2
"Sun, Mar 16, 2014 7:53 PM",DiscountMarch2014,3754,41.80%,39.41%,1283,33.30%,66.70%,10.70%,9.78%,137,18.30%,686,0.30%,10,Master,0.2
"Tue, Aug 29, 2017 6:25 PM",Discount5August2017,206,71.10%,39.41%,140,61.10%,38.90%,10.70%,9.78%,15,4.40%,9,0.00%,0,Customer Rewards Program Member,0.2
"Thu, Mar 16, 2017 3:06 PM",Discount1March2017,228,66.80%,39.41%,151,57.30%,42.70%,10.60%,9.78%,16,0.90%,2,0.00%,0,Customer Rewards Program Member,0.3
"Mon, Mar 28, 2016 12:49 PM",Awareness1March2016,3916,20.20%,39.41%,724,53.60%,46.40%,5.80%,9.78%,42,8.60%,336,0.10%,5,Master,
"Sat, Jan 28, 2017 4:10 AM",Discount4January2017,3898,24.40%,39.41%,848,61.30%,38.70%,10.40%,9.78%,88,11.00%,427,0.10%,3,Master,0.2
"Tue, Jan 16, 2018 10:20 PM",Discount5January2018,3911,39.20%,39.41%,1487,60.20%,39.80%,10.20%,9.78%,151,3.00%,118,0.10%,3,Master,0.2
"Mon, May 11, 2015 2:58 PM",PromotionMay2015,4366,24.70%,39.41%,880,50.00%,50.00%,3.10%,9.78%,27,18.30%,799,0.10%,3,Master,
"Mon, May 16, 2016 7:32 AM",Promotion2May2016,3934,22.30%,39.41%,803,52.30%,47.70%,7.60%,9.78%,61,8.30%,328,0.10%,3,Master,
"Sun, Aug 27, 2017 7:46 AM",Discount4August2017,243,64.10%,39.41%,148,59.90%,40.10%,10.10%,9.78%,15,4.90%,12,0.00%,0,Customer Rewards Program Member,0.2
"Tue, Apr 22, 2014 4:20 PM",Discount5April2014,3637,24.60%,39.41%,731,22.20%,77.80%,10.10%,9.78%,74,18.40%,670,0.10%,3,Master,0.2
"Fri, Jun 19, 2015 5:17 PM",Discount2June2015,84,84.30%,39.41%,70,62.10%,37.90%,10.00%,9.78%,7,1.20%,1,0.00%,0,Customer Rewards Program Member,0.2
"Mon, May 30, 2016 6:06 PM",Promotion3May2016,101,80.80%,39.41%,80,49.70%,50.30%,30.00%,9.78%,24,2.00%,2,0.00%,0,Target Demographic,
"Tue, Jan 19, 2016 10:16 AM",Discount1January2016,253,60.80%,39.41%,152,67.50%,32.50%,9.90%,9.78%,15,1.20%,3,0.00%,0,Customer Rewards Program Member,0.2
"Mon, May 5, 2014 5:49 PM",Promotion1May2014,110,41.70%,39.41%,45,0.00%,0.00%,0.00%,9.78%,0,1.80%,2,0.00%,0,Target Demographic,
"Wed, Jan 10, 2018 6:57 PM",Discount3January2018,177,34.70%,39.41%,61,37.50%,62.50%,9.80%,9.78%,6,0.60%,1,0.00%,0,Target Demographic,0.2
"Mon, Nov 6, 2017 11:01 PM",AwarenessNovember2017,29,93.10%,39.41%,27,65.00%,35.00%,29.60%,9.78%,8,0.00%,0,0.00%,0,Customer Rewards Program Member,
"Fri, Dec 1, 2017 4:09 PM",DiscountDecember2017,173,36.60%,39.41%,63,63.20%,36.80%,9.50%,9.78%,6,0.60%,1,0.00%,0,Target Demographic,0.2
"Mon, Oct 13, 2014 3:03 PM",PromotionOctober2014,202,70.80%,39.41%,138,0.00%,0.00%,0.00%,9.78%,0,3.50%,7,0.00%,0,Customer Rewards Program Member,
"Tue, Sep 5, 2017 3:36 PM",DiscountSeptember2017,168,51.50%,39.41%,84,58.50%,41.50%,9.50%,9.78%,8,3.00%,5,0.00%,0,Target Demographic,0.75
"Mon, May 19, 2014 1:30 PM",Discount5May2014,3641,28.10%,39.41%,825,50.00%,50.00%,9.10%,9.78%,75,19.30%,703,0.20%,9,Master,0.2
"Thu, Jun 19, 2014 9:00 AM",Discount5June2014,4024,26.60%,39.41%,874,33.30%,66.70%,8.40%,9.78%,73,18.30%,736,0.10%,6,Master,0.2
"Mon, Sep 11, 2017 3:11 PM",Promotion1September2017,168,51.90%,39.41%,84,52.00%,48.00%,2.40%,9.78%,2,3.60%,6,0.00%,0,Target Demographic,
"Tue, Jul 11, 2017 6:02 AM",Discount1July2017,3845,22.90%,39.41%,774,56.20%,43.80%,8.30%,9.78%,64,12.10%,466,0.10%,2,Master,0.2
"Wed, Aug 16, 2017 8:54 PM",Discount4August2017,196,70.00%,39.41%,133,63.90%,36.10%,8.30%,9.78%,11,3.10%,6,0.00%,0,Customer Rewards Program Member,0.4
"Sat, Apr 19, 2014 10:00 AM",Promotion1April2014,3653,30.90%,39.41%,921,0.00%,100.00%,0.90%,9.78%,8,18.50%,675,0.10%,5,Master,
"Sat, Apr 21, 2018 4:38 PM",Promotion3March2018,118,78.80%,39.41%,89,66.80%,33.20%,23.60%,9.78%,21,4.20%,5,0.00%,0,Target Demographic,
"Sat, Feb 10, 2018 4:08 PM",AwarenessFebruary2018,3506,23.50%,39.41%,790,60.60%,39.40%,5.80%,9.78%,46,4.10%,143,0.10%,2,Master,
"Fri, May 2, 2014 9:28 PM",Discount1May2014,3656,31.10%,39.41%,918,0.00%,100.00%,8.10%,9.78%,74,19.30%,705,0.10%,3,Master,0.2
"Fri, Jul 14, 2017 11:54 AM",Discount2July2017,4059,20.80%,39.41%,747,46.50%,53.50%,7.90%,9.78%,59,11.70%,474,0.10%,1,Master,0.2
"Thu, Sep 7, 2017 9:24 AM",Discount1September2017,138,83.20%,39.41%,114,57.80%,42.20%,7.90%,9.78%,9,0.70%,1,0.00%,0,Customer Rewards Program Member,0.2
"Sat, May 13, 2017 3:07 PM",Discount2May2017,3796,22.50%,39.41%,755,61.60%,38.40%,7.70%,9.78%,58,11.70%,445,0.10%,5,Master,0.2
"Sat, Jan 21, 2017 4:10 AM",Promotion2January2017,3921,22.10%,39.41%,771,64.30%,35.70%,7.10%,9.78%,55,10.90%,429,0.10%,1,Master,
"Thu, May 15, 2014 9:04 AM",Discount5May2014,3644,25.80%,39.41%,756,0.00%,100.00%,7.70%,9.78%,58,19.60%,713,0.10%,2,Master,0.2
"Fri, Aug 15, 2014 2:29 PM",Discount3August2014,237,77.40%,39.41%,171,0.00%,100.00%,7.60%,9.78%,13,6.80%,16,0.00%,0,Customer Rewards Program Member,0.2
"Sat, Jan 9, 2016 12:16 PM",PromotionJanuary2016,3881,25.70%,39.41%,922,65.50%,34.50%,4.30%,9.78%,40,7.70%,300,0.20%,7,Master,
"Sat, Jul 30, 2016 8:29 AM",Promotion2July2016,176,70.10%,39.41%,122,67.40%,32.60%,1.60%,9.78%,2,1.10%,2,0.00%,0,Target Demographic,
"Sat, Jun 10, 2017 11:18 PM",AwarenessJune2017,139,70.30%,39.41%,97,62.50%,37.50%,24.70%,9.78%,24,0.70%,1,0.00%,0,Customer Rewards Program Member,
"Thu, Jan 1, 2015 9:41 AM",DiscountJanuary2015,4390,29.40%,39.41%,1033,12.00%,88.00%,7.50%,9.78%,77,20.00%,877,0.30%,12,Master,0.5
"Sat, Jun 4, 2016 4:14 PM",AwarenessJune2016,12,100.00%,39.41%,11,79.70%,20.30%,54.50%,9.78%,6,8.30%,1,0.00%,0,Customer Rewards Program Member,
"Sat, Jun 7, 2014 1:16 PM",Awareness1June2014,70,91.30%,39.41%,63,0.00%,100.00%,30.20%,9.78%,19,1.40%,1,0.00%,0,Customer Rewards Program Member,
"Thu, Feb 22, 2018 3:51 PM",Discount2February2018,3462,25.40%,39.41%,848,54.80%,45.20%,7.40%,9.78%,63,3.40%,118,0.10%,1,Master,0.2
"Thu, Nov 10, 2016 5:32 AM",Discount1November2016,3917,23.20%,39.41%,814,61.20%,38.80%,6.80%,9.78%,55,10.40%,406,0.20%,8,Master,0.2
"Sat, Mar 17, 2018 9:42 PM",Awareness1March2018,283,60.20%,39.41%,165,57.00%,43.00%,21.20%,9.78%,35,3.20%,9,0.00%,0,Target Demographic,
"Sat, Mar 24, 2018 9:32 AM",Awareness2March2018,4,75.00%,39.41%,3,38.20%,61.80%,33.30%,9.78%,1,0.00%,0,0.00%,0,Customer Rewards Program Member,
"Wed, Feb 7, 2018 11:54 PM",DiscountFebruary2018,3615,24.90%,39.41%,865,55.10%,44.90%,6.80%,9.78%,59,4.00%,146,0.10%,5,Master,0.75
"Wed, Jan 18, 2017 5:33 AM",Discount3January2017,3928,24.90%,39.41%,872,57.20%,42.80%,6.70%,9.78%,58,10.90%,428,0.10%,3,Master,0.5
"Sat, May 17, 2014 10:08 AM",Awareness3May2014,224,39.30%,39.41%,81,0.00%,0.00%,1.20%,9.78%,1,8.00%,18,0.00%,0,Customer Rewards Program Member,
"Sat, May 17, 2014 9:57 AM",Promotion4May2014,180,40.50%,39.41%,68,0.00%,0.00%,0.00%,9.78%,0,6.70%,12,0.00%,0,Target Demographic,
"Tue, Apr 14, 2015 1:58 PM",Discount1April2015,37,83.80%,39.41%,31,100.00%,0.00%,6.50%,9.78%,2,0.00%,0,0.00%,0,Customer Rewards Program Member,0.4
"Wed, Jan 31, 2018 2:08 PM",Discount8January2018,3645,20.20%,39.41%,713,50.00%,50.00%,6.50%,9.78%,46,3.30%,119,0.10%,4,Master,0.3
"Sat, Nov 12, 2016 4:08 AM",Promotion1November2016,3816,17.10%,39.41%,583,60.10%,39.90%,2.20%,9.78%,13,10.60%,405,0.10%,3,Master,
"Sat, Nov 18, 2017 8:46 AM",Promotion1November2017,48,31.30%,39.41%,15,71.10%,28.90%,6.70%,9.78%,1,0.00%,0,0.00%,0,Customer Rewards Program Member,
"Sat, May 24, 2014 9:58 AM",Discount7May2014,3634,24.90%,39.41%,729,0.00%,100.00%,6.40%,9.78%,47,19.60%,711,0.10%,1,Master,0.3
"Sat, Oct 14, 2017 5:07 PM",Awareness2October2017,3628,24.40%,39.41%,872,65.60%,34.40%,4.60%,9.78%,40,1.40%,50,0.10%,2,Master,
"Sat, Sep 3, 2016 4:10 AM",PromotionSeptember2016,3835,25.00%,39.41%,865,65.30%,34.70%,4.90%,9.78%,42,9.90%,380,0.20%,8,Master,
"Sun, Aug 20, 2017 6:04 AM",Awareness2August2017,3880,24.90%,39.41%,748,59.00%,41.00%,3.70%,9.78%,28,22.60%,875,0.10%,5,Master,
"Thu, Mar 20, 2014 9:48 AM",Discount1March2014,3721,34.40%,39.41%,1041,0.00%,100.00%,6.40%,9.78%,67,18.60%,691,0.30%,13,Master,0.3
"Wed, Nov 4, 2015 10:29 AM",DiscountNovember2015,3905,26.70%,39.41%,968,48.80%,51.20%,6.40%,9.78%,62,7.10%,276,0.10%,1,Master,0.3
"Sun, Jan 14, 2018 7:17 PM",Promotion3January2018,33,42.40%,39.41%,14,52.20%,47.80%,7.10%,9.78%,1,0.00%,0,0.00%,0,Customer Rewards Program Member,
"Sun, Jan 7, 2018 10:11 AM",Promotion1January2018,3789,24.40%,39.41%,899,51.60%,48.40%,4.60%,9.78%,41,2.90%,110,0.10%,5,Master,
"Sun, Jul 26, 2015 1:25 PM",Awareness1July2015,178,82.00%,39.41%,146,51.40%,48.60%,2.70%,9.78%,4,0.00%,0,0.00%,0,Target Demographic,
"Sat, Feb 4, 2017 12:40 PM",DiscountFebruary2017,3921,25.00%,39.41%,874,62.80%,37.20%,6.20%,9.78%,54,10.80%,424,0.10%,2,Master,0.5
"Thu, Apr 5, 2018 4:25 PM",Discount1July2018,185,36.60%,39.41%,67,51.80%,48.20%,6.00%,9.78%,4,1.10%,2,0.00%,0,Target Demographic,0.3
"Fri, Mar 31, 2017 4:10 PM",Discount3March2017,59,32.70%,39.41%,18,60.90%,39.10%,5.60%,9.78%,1,6.80%,4,0.00%,0,Customer Rewards Program Member,0.3
"Sun, Mar 18, 2018 9:06 PM",Promotion2March2018,6,83.30%,39.41%,5,7.70%,92.30%,20.00%,9.78%,1,0.00%,0,0.00%,0,Customer Rewards Program Member,
"Sun, Mar 25, 2018 10:13 PM",Promotion3March2018,276,54.30%,39.41%,145,52.80%,47.20%,17.20%,9.78%,25,3.30%,9,0.00%,0,Target Demographic,
"Mon, Jun 13, 2016 8:30 AM",Discount2June2016,19,94.70%,39.41%,18,43.20%,56.80%,5.60%,9.78%,1,0.00%,0,0.00%,0,Customer Rewards Program Member,0.3
"Sun, Mar 4, 2018 9:35 PM",PromotionMarch2018,32,53.10%,39.41%,17,51.60%,48.40%,29.40%,9.78%,5,0.00%,0,0.00%,0,Customer Rewards Program Member,
"Sun, Mar 6, 2016 6:19 PM",PromotionMarch2016,3895,28.10%,39.41%,1001,62.20%,37.80%,7.20%,9.78%,72,8.50%,330,0.20%,7,Master,
"Sun, May 15, 2016 1:25 PM",Awareness1May2016,3921,28.60%,39.41%,1026,64.40%,35.60%,11.30%,9.78%,116,8.50%,333,0.20%,6,Master,
"Sat, Apr 12, 2014 3:10 PM",Discount2April2014,241,54.00%,39.41%,128,0.00%,100.00%,5.50%,9.78%,7,1.70%,4,0.00%,0,Customer Rewards Program Member,0.3
"Sun, May 7, 2017 2:34 PM",AwarenessMay2017,3849,23.80%,39.41%,810,58.00%,42.00%,8.60%,9.78%,70,11.70%,449,0.10%,3,Master,
"Sun, May 8, 2016 12:33 PM",Promotion1May2016,3921,23.20%,39.41%,833,54.20%,45.80%,8.40%,9.78%,70,8.30%,327,0.10%,3,Master,
"Sun, Oct 8, 2017 2:52 PM",Promotion1October2017,173,62.00%,39.41%,106,50.80%,49.20%,12.30%,9.78%,13,1.20%,2,0.00%,0,Target Demographic,
"Thu, Aug 27, 2015 10:10 AM",Discount4August2015,236,70.30%,39.41%,166,48.20%,51.80%,5.40%,9.78%,9,0.00%,0,0.00%,0,Customer Rewards Program Member,0.3
"Mon, Oct 20, 2014 4:32 PM",Discount1October2014,4393,26.10%,39.41%,930,12.50%,87.50%,5.30%,9.78%,49,19.00%,836,0.10%,5,Master,0.3
"Thu, Jan 25, 2018 6:03 AM",Discount7January2018,3561,22.50%,39.41%,776,53.50%,46.50%,5.30%,9.78%,41,3.10%,110,0.10%,2,Master,0.3
"Thu, Apr 24, 2014 1:30 PM",Promotion3April2014,31,83.90%,39.41%,26,100.00%,0.00%,0.00%,9.78%,0,0.00%,0,0.00%,0,Customer Rewards Program Member,
"Thu, Apr 24, 2014 2:06 PM",Awareness3April2014,4476,39.00%,39.41%,1441,20.00%,80.00%,1.00%,9.78%,14,17.50%,783,0.40%,16,Master,
"Thu, Jun 30, 2016 11:43 AM",Discount4June2016,193,61.90%,39.41%,117,54.30%,45.70%,5.10%,9.78%,6,2.10%,4,0.00%,0,Target Demographic,0.3
"Thu, Apr 30, 2015 8:08 AM",Promotion3April2015,64,78.10%,39.41%,50,10.00%,90.00%,2.00%,9.78%,1,0.00%,0,0.00%,0,Customer Rewards Program Member,
"Tue, May 9, 2017 5:34 PM",Discount1May2017,3873,25.90%,39.41%,888,57.00%,43.00%,5.10%,9.78%,45,11.50%,447,0.10%,4,Master,0.3
"Fri, May 26, 2017 8:57 AM",Discount4May2017,132,60.60%,39.41%,80,44.10%,55.90%,5.00%,9.78%,4,0.00%,0,0.00%,0,Customer Rewards Program Member,0.3
"Thu, Apr 5, 2018 6:03 AM",AwarenessJune2018,3614,18.20%,39.41%,632,59.20%,40.80%,9.70%,9.78%,61,4.00%,145,0.10%,5,Master,
"Thu, Apr 6, 2017 4:26 PM",Awareness1April2017,228,66.50%,39.41%,149,58.00%,42.00%,8.10%,9.78%,12,1.80%,4,0.00%,0,Customer Rewards Program Member,
"Sat, Jun 3, 2017 3:52 PM",DiscountJune2017,3898,20.90%,39.41%,722,61.20%,38.80%,5.00%,9.78%,36,11.60%,451,0.10%,3,Master,0.4
"Tue, Jul 5, 2016 3:50 PM",DiscountJuly2016,3937,23.10%,39.41%,825,53.20%,46.80%,5.00%,9.78%,41,9.30%,365,0.10%,3,Master,0.75
"Thu, Aug 24, 2017 9:29 PM",Promotion3August2017,3966,24.80%,39.41%,764,55.20%,44.80%,4.70%,9.78%,36,22.20%,880,0.10%,2,Master,
"Wed, May 17, 2017 3:07 PM",Discount3May2017,3849,21.00%,39.41%,713,50.70%,49.30%,4.80%,9.78%,34,11.60%,448,0.10%,1,Master,0.4
"Thu, Aug 3, 2017 11:40 AM",PromotionAugust2017,182,61.10%,39.41%,110,52.80%,47.20%,28.20%,9.78%,31,1.10%,2,0.00%,0,Target Demographic,
"Thu, Aug 3, 2017 12:54 PM",AwarenessAugust2017,168,63.30%,39.41%,105,52.20%,47.80%,24.80%,9.78%,26,1.20%,2,0.60%,1,Target Demographic,
"Fri, Apr 24, 2015 10:59 AM",Discount4April2015,4373,28.90%,39.41%,1041,25.00%,75.00%,4.60%,9.78%,48,17.70%,775,0.20%,7,Master,0.3
"Thu, Aug 7, 2014 9:34 AM",AwarenessAugust2014,341,36.20%,39.41%,117,0.00%,100.00%,0.00%,9.78%,0,5.30%,18,0.30%,1,Target Demographic,
"Tue, May 5, 2015 2:47 PM",DiscountMay2015,4367,26.90%,39.41%,964,36.40%,63.60%,4.60%,9.78%,44,18.10%,790,0.10%,1,Master,0.3
"Thu, Aug 7, 2014 9:40 AM",PromotionAugust2014,137,47.30%,39.41%,61,0.00%,0.00%,0.00%,9.78%,0,5.80%,8,0.00%,0,Customer Rewards Program Member,
"Wed, Mar 28, 2018 11:03 AM",Discount5March2018,3616,20.40%,39.41%,709,52.10%,47.90%,4.50%,9.78%,32,4.00%,146,0.10%,3,Master,0.3
"Thu, Dec 10, 2015 1:35 PM",PromotionDecember2015,3884,26.90%,39.41%,969,57.60%,42.40%,15.00%,9.78%,145,7.40%,286,0.20%,7,Master,
"Thu, Dec 28, 2017 6:13 PM",Awareness2December2017,3520,24.30%,39.41%,826,61.80%,38.20%,16.30%,9.78%,135,3.20%,114,0.10%,2,Master,
"Thu, Dec 28, 2017 9:53 PM",Promotion3December2017,11,54.50%,39.41%,6,54.20%,45.80%,33.30%,9.78%,2,0.00%,0,0.00%,0,Customer Rewards Program Member,
"Thu, Dec 29, 2016 2:02 PM",AwarenessDecember2016,3923,28.20%,39.41%,987,53.90%,46.10%,23.50%,9.78%,232,10.80%,424,0.10%,4,Master,
"Thu, Dec 7, 2017 6:03 AM",AwarenessDecember2017,3916,25.80%,39.41%,986,55.30%,44.70%,0.70%,9.78%,7,2.20%,87,0.10%,4,Master,
"Thu, Dec 8, 2016 10:17 AM",PromotionDecember2016,3911,27.30%,39.41%,954,58.90%,41.10%,19.30%,9.78%,184,10.70%,417,0.10%,5,Master,
"Tue, Oct 6, 2015 8:41 AM",DiscountOctober2015,196,73.60%,39.41%,142,48.30%,51.70%,4.20%,9.78%,6,1.50%,3,0.00%,0,Customer Rewards Program Member,0.3
"Fri, Jul 22, 2016 10:03 AM",Discount2July2016,3947,21.70%,39.41%,777,57.20%,42.80%,4.10%,9.78%,32,9.40%,372,0.10%,5,Master,0.3
"Thu, Feb 25, 2016 4:23 PM",Awareness1September2016,231,76.00%,39.41%,174,56.10%,43.90%,38.50%,9.78%,67,0.90%,2,0.00%,0,Customer Rewards Program Member,
"Thu, Feb 4, 2016 10:02 AM",AwarenessApril2016,3887,24.80%,39.41%,887,54.00%,46.00%,0.00%,9.78%,0,8.20%,317,0.10%,4,Master,
"Thu, Feb 8, 2018 10:01 PM",PromotionFebruary2018,255,54.60%,39.41%,136,48.30%,51.70%,25.00%,9.78%,34,2.40%,6,0.00%,0,Customer Rewards Program Member,
"Mon, Jan 25, 2016 1:36 PM",Discount2January2016,3875,22.70%,39.41%,811,51.30%,48.70%,4.10%,9.78%,33,7.80%,301,0.10%,3,Master,0.3
"Thu, Jan 18, 2018 9:50 AM",Promotion4January2018,3493,19.60%,39.41%,663,50.10%,49.90%,4.80%,9.78%,32,3.00%,106,0.00%,0,Master,
"Thu, Jan 21, 2016 5:57 PM",Promotion1January2016,179,82.10%,39.41%,147,62.60%,37.40%,4.10%,9.78%,6,0.00%,0,0.00%,0,Target Demographic,
"Thu, Jan 22, 2015 6:25 PM",Promotion2January2015,214,78.50%,39.41%,164,14.30%,85.70%,5.50%,9.78%,9,2.30%,5,0.00%,0,Customer Rewards Program Member,
"Mon, May 9, 2016 6:03 PM",Discount2May2016,3917,23.30%,39.41%,837,54.60%,45.40%,4.10%,9.78%,34,8.30%,327,0.10%,2,Master,0.3
"Tue, Nov 10, 2015 11:29 AM",Discount1November2015,3907,26.20%,39.41%,951,50.10%,49.90%,4.00%,9.78%,38,7.10%,276,0.10%,4,Master,0.3
"Thu, Jul 10, 2014 2:13 PM",AwarenessJuly2014,39,50.00%,39.41%,18,0.00%,0.00%,0.00%,9.78%,0,7.70%,3,2.60%,1,Customer Rewards Program Member,
"Sun, Oct 8, 2017 3:13 PM",Discount2October2017,4080,25.60%,39.41%,920,60.10%,39.90%,3.90%,9.78%,36,11.90%,485,0.10%,5,Master,0.3
"Thu, Jul 10, 2014 4:18 PM",Promotion1July2014,38,51.40%,39.41%,18,0.00%,0.00%,0.00%,9.78%,0,7.90%,3,2.60%,1,Customer Rewards Program Member,
"Thu, Jul 14, 2016 11:47 AM",AwarenessJuly2016,3943,20.70%,39.41%,743,55.90%,44.10%,3.50%,9.78%,26,9.20%,362,0.10%,5,Master,
"Thu, Jul 17, 2014 12:21 PM",Awareness1July2014,4384,26.70%,39.41%,958,16.70%,83.30%,4.70%,9.78%,45,18.20%,798,0.20%,8,Master,
"Tue, May 19, 2015 11:25 AM",Discount3May2015,68,75.00%,39.41%,51,20.00%,80.00%,3.90%,9.78%,2,0.00%,0,0.00%,0,Customer Rewards Program Member,0.3
"Thu, Jul 20, 2017 5:40 PM",Promotion2July2017,153,52.00%,39.41%,78,45.70%,54.30%,11.50%,9.78%,9,2.00%,3,0.00%,0,Customer Rewards Program Member,
"Mon, Jul 31, 2017 4:02 PM",Discount4July2017,4063,27.30%,39.41%,979,56.90%,43.10%,3.80%,9.78%,37,11.70%,477,0.10%,2,Master,0.3
"Tue, Nov 15, 2016 9:38 AM",Discount2November2016,3919,28.60%,39.41%,1001,59.10%,40.90%,3.80%,9.78%,38,10.60%,414,0.10%,4,Master,0.75
"Thu, Jul 27, 2017 2:47 PM",Awareness2July2017,3876,28.60%,39.41%,974,57.90%,42.10%,2.90%,9.78%,28,12.10%,470,0.00%,0,Master,
"Thu, Jul 28, 2016 1:51 PM",Awareness1July2016,302,59.00%,39.41%,177,57.50%,42.50%,23.20%,9.78%,41,0.70%,2,0.00%,0,Target Demographic,
"Thu, Jul 9, 2015 5:02 PM",PromotionJuly2015,137,76.60%,39.41%,105,43.40%,56.60%,2.90%,9.78%,3,0.00%,0,0.70%,1,Customer Rewards Program Member,
"Fri, Sep 23, 2016 11:15 AM",Discount1September2016,3824,19.80%,39.41%,680,61.20%,38.80%,3.70%,9.78%,25,10.20%,390,0.10%,3,Master,0.75
"Tue, Jul 18, 2017 6:03 AM",Discount3July2017,3876,21.20%,39.41%,723,53.70%,46.30%,3.60%,9.78%,26,12.10%,469,0.20%,7,Master,0.5
"Mon, Jul 21, 2014 9:53 AM",Discount6July2014,4375,27.60%,39.41%,984,0.00%,100.00%,3.50%,9.78%,34,18.50%,810,0.10%,3,Master,0.3
"Wed, Jun 17, 2015 2:19 PM",Discount1June2015,4410,29.00%,39.41%,1047,49.40%,50.60%,3.50%,9.78%,37,18.00%,796,0.10%,3,Master,0.3
"Thu, Jun 22, 2017 3:32 PM",Promotion2June2017,3826,23.70%,39.41%,794,51.20%,48.80%,16.80%,9.78%,133,12.30%,469,0.20%,7,Master,
"Thu, Jun 23, 2016 12:01 PM",Awareness1June2016,3944,25.00%,39.41%,894,60.20%,39.80%,3.60%,9.78%,32,9.20%,363,0.10%,3,Master,
"Thu, Jun 26, 2014 7:57 PM",Promotion4June2014,4034,36.10%,39.41%,1189,28.60%,71.40%,0.00%,9.78%,0,18.20%,736,0.10%,6,Master,
"Mon, Feb 8, 2016 11:59 AM",Discount1May2016,3892,19.60%,39.41%,700,57.20%,42.80%,3.40%,9.78%,24,8.20%,318,0.10%,1,Master,0.5
"Thu, Jun 4, 2015 5:08 PM",AwarenessJune2015,4405,26.60%,39.41%,958,29.40%,70.60%,2.30%,9.78%,22,18.40%,809,0.10%,2,Master,
"Thu, Apr 30, 2015 8:28 AM",Discount4April2015,34,85.30%,39.41%,29,50.00%,50.00%,3.40%,9.78%,1,0.00%,0,0.00%,0,Customer Rewards Program Member,0.3
"Thu, Jun 4, 2015 5:58 PM",PromotionJune2015,92,89.90%,39.41%,80,17.40%,82.60%,27.50%,9.78%,22,3.30%,3,0.00%,0,Customer Rewards Program Member,
"Wed, Jul 23, 2014 3:33 PM",Discount9July2014,4368,35.10%,39.41%,1251,12.50%,87.50%,3.40%,9.78%,43,18.40%,803,0.20%,8,Master,0.4
"Thu, Jun 5, 2014 7:12 PM",Promotion1June2014,94,56.40%,39.41%,53,0.00%,0.00%,0.00%,9.78%,0,0.00%,0,0.00%,0,Customer Rewards Program Member,
"Thu, Mar 12, 2015 10:50 AM",PromotionMarch2015,253,80.90%,39.41%,199,53.20%,46.80%,46.70%,9.78%,93,2.80%,7,0.00%,0,Customer Rewards Program Member,
"Thu, Mar 12, 2015 10:51 AM",AwarenessMarch2015,293,67.10%,39.41%,188,40.00%,60.00%,0.00%,9.78%,0,4.40%,13,0.00%,0,Target Demographic,
"Fri, Mar 28, 2014 3:01 PM",Discount3March2014,241,65.10%,39.41%,155,0.00%,100.00%,3.20%,9.78%,5,1.20%,3,0.00%,0,Customer Rewards Program Member,0.4
"Wed, Jul 20, 2016 3:37 PM",Discount1July2016,3944,19.20%,39.41%,685,55.40%,44.60%,3.20%,9.78%,22,9.40%,370,0.10%,2,Master,0.75
"Fri, Aug 4, 2017 8:35 AM",Discount1August2017,4061,22.90%,39.41%,822,59.90%,40.10%,3.00%,9.78%,25,11.80%,478,0.10%,1,Master,0.75
"Thu, Mar 29, 2018 5:12 PM",Promotion4March2018,3634,23.20%,39.41%,806,59.50%,40.50%,13.80%,9.78%,111,4.30%,156,0.10%,1,Master,
"Thu, May 1, 2014 10:21 AM",PromotionMay2014,4464,25.90%,39.41%,954,0.00%,100.00%,0.10%,9.78%,1,17.50%,782,0.10%,3,Master,
"Mon, Aug 15, 2016 8:00 AM",Discount1August2016,3951,22.00%,39.41%,785,38.10%,61.90%,2.90%,9.78%,23,9.50%,377,0.10%,3,Master,0.75
"Thu, May 1, 2014 9:51 AM",AwarenessMay2014,37,50.00%,39.41%,17,0.00%,0.00%,0.00%,9.78%,0,8.10%,3,0.00%,0,Customer Rewards Program Member,
"Thu, May 11, 2017 4:06 PM",Promotion1May2017,139,72.30%,39.41%,99,71.50%,28.50%,61.60%,9.78%,61,1.40%,2,0.00%,0,Customer Rewards Program Member,
"Thu, May 14, 2015 10:28 AM",Promotion1May2015,4360,25.00%,39.41%,889,36.10%,63.90%,3.30%,9.78%,29,18.30%,799,0.10%,2,Master,
"Sun, Jun 21, 2015 2:24 PM",Discount3June2015,4406,27.30%,39.41%,978,51.00%,49.00%,2.90%,9.78%,28,18.60%,819,0.10%,4,Master,0.4
"Sat, Jan 13, 2018 7:50 AM",Discount4January2018,3536,20.10%,39.41%,688,57.10%,42.90%,2.80%,9.78%,19,3.10%,109,0.10%,4,Master,0.5
"Wed, Mar 9, 2016 3:27 PM",Discount2March2016,3914,26.00%,39.41%,931,50.50%,49.50%,2.70%,9.78%,25,8.50%,332,0.10%,4,Master,0.4
"Thu, May 18, 2017 7:38 AM",Awareness1May2017,139,74.60%,39.41%,103,49.20%,50.80%,58.30%,9.78%,60,0.70%,1,0.00%,0,Customer Rewards Program Member,
"Fri, Apr 22, 2016 4:21 PM",Discount3April2016,3906,25.80%,39.41%,921,64.20%,35.80%,2.60%,9.78%,24,8.80%,343,0.10%,4,Master,0.4
"Thu, May 21, 2015 6:55 PM",Promotion2May2015,82,72.80%,39.41%,59,75.00%,25.00%,0.00%,9.78%,0,1.20%,1,0.00%,0,Customer Rewards Program Member,
"Thu, May 25, 2017 7:16 AM",Promotion3May2017,139,76.80%,39.41%,106,52.00%,48.00%,44.30%,9.78%,47,0.70%,1,0.00%,0,Customer Rewards Program Member,
"Wed, Nov 12, 2014 8:52 AM",DiscountNovember2014,4391,21.40%,39.41%,760,30.80%,69.20%,2.60%,9.78%,20,19.20%,843,0.20%,8,Master,0.5
"Thu, May 4, 2017 8:28 AM",PromotionMay2017,133,78.00%,39.41%,103,64.10%,35.90%,30.10%,9.78%,31,0.80%,1,0.00%,0,Customer Rewards Program Member,
"Thu, May 8, 2014 7:59 AM",Promotion2May2014,3594,32.30%,39.41%,944,0.00%,100.00%,0.00%,9.78%,0,18.80%,674,0.20%,6,Master,
"Mon, Jun 30, 2014 5:32 PM",Discount6June2014,99,81.80%,39.41%,81,0.00%,0.00%,2.50%,9.78%,2,0.00%,0,0.00%,0,Customer Rewards Program Member,0.4
"Thu, Nov 3, 2016 9:57 AM",AwarenessNovember2016,3808,29.80%,39.41%,1014,61.40%,38.60%,11.50%,9.78%,117,10.60%,404,0.10%,1,Master,
"Wed, Nov 2, 2016 5:30 AM",DiscountNovember2016,3835,17.80%,39.41%,610,61.50%,38.50%,2.50%,9.78%,15,10.80%,416,0.20%,8,Master,0.4
"Sat, Oct 11, 2014 5:19 PM",DiscountOctober2014,4397,30.70%,39.41%,1090,55.20%,44.80%,2.40%,9.78%,26,19.20%,845,0.10%,4,Master,0.4
"Mon, Feb 2, 2015 4:06 PM",DiscountFebruary2015,4399,27.60%,39.41%,973,40.00%,60.00%,2.30%,9.78%,22,19.80%,869,0.10%,2,Master,0.75
"Sat, May 10, 2014 11:34 AM",Discount4May2014,69,62.30%,39.41%,43,50.00%,50.00%,2.30%,9.78%,1,0.00%,0,0.00%,0,Customer Rewards Program Member,0.4
"Thu, Sep 15, 2016 6:04 PM",AwarenessSeptember2016,3830,22.90%,39.41%,788,63.40%,36.60%,2.20%,9.78%,17,10.20%,390,0.10%,5,Master,
"Thu, Apr 20, 2017 3:20 PM",Discount4April2017,59,72.90%,39.41%,43,69.80%,30.20%,2.30%,9.78%,1,0.00%,0,0.00%,0,Customer Rewards Program Member,0.4
"Thu, Sep 3, 2015 9:44 AM",DiscountSeptember2015,3901,25.20%,39.41%,917,43.70%,56.30%,2.20%,9.78%,20,6.50%,255,0.20%,6,Master,0.4
"Thu, Sep 28, 2017 6:55 PM",Promotion4September2017,169,47.60%,39.41%,79,62.70%,37.30%,0.00%,9.78%,0,1.80%,3,0.60%,1,Target Demographic,
"Tue, Jul 7, 2015 6:02 PM",DiscountJuly2015,4458,23.20%,39.41%,842,52.80%,47.20%,2.10%,9.78%,18,18.70%,835,0.10%,6,Master,0.75
"Thu, Sep 7, 2017 3:09 PM",AwarenessSeptember2017,100,71.40%,39.41%,70,56.80%,43.20%,0.00%,9.78%,0,2.00%,2,0.00%,0,Customer Rewards Program Member,
"Wed, Mar 9, 2016 4:13 PM",Discount1March2016,3906,23.60%,39.41%,842,60.40%,39.60%,2.10%,9.78%,18,8.50%,333,0.10%,3,Master,0.4
"Thu, May 14, 2015 6:44 PM",Discount1May2015,4357,28.90%,39.41%,1025,48.10%,51.90%,2.00%,9.78%,21,18.50%,805,0.00%,0,Master,0.5
"Tue, Apr 10, 2018 10:49 AM",Promotion1August2018,3587,17.90%,39.41%,616,47.50%,52.50%,9.10%,9.78%,56,3.80%,137,0.10%,4,Master,
"Tue, May 19, 2015 11:26 AM",Discount2May2015,78,64.90%,39.41%,50,100.00%,0.00%,2.00%,9.78%,1,1.30%,1,0.00%,0,Customer Rewards Program Member,0.5
"Mon, Apr 14, 2014 4:31 PM",Discount3April2014,4490,31.50%,39.41%,1168,28.60%,71.40%,1.90%,9.78%,22,17.40%,782,0.10%,6,Master,0.5
"Tue, Apr 15, 2014 3:57 PM",Awareness1April2014,3636,35.70%,39.41%,1059,0.00%,100.00%,1.40%,9.78%,15,18.40%,670,0.10%,4,Master,
"Tue, Apr 18, 2017 3:18 PM",Promotion3April2017,3857,24.70%,39.41%,841,50.90%,49.10%,15.50%,9.78%,130,11.70%,452,0.20%,7,Master,
"Wed, Apr 11, 2018 6:11 AM",Discount2September2018,3649,22.50%,39.41%,788,59.30%,40.70%,1.90%,9.78%,15,3.90%,143,0.10%,2,Master,0.75
"Tue, Apr 21, 2015 2:09 PM",Promotion2April2015,23,72.70%,39.41%,16,0.00%,100.00%,12.50%,9.78%,2,4.30%,1,0.00%,0,Customer Rewards Program Member,
"Tue, Apr 22, 2014 2:04 PM",Promotion2April2014,46,58.70%,39.41%,27,100.00%,0.00%,48.10%,9.78%,13,0.00%,0,0.00%,0,Customer Rewards Program Member,
"Mon, Mar 2, 2015 3:20 PM",DiscountMarch2015,4429,24.80%,39.41%,880,24.10%,75.90%,1.70%,9.78%,15,19.80%,877,0.10%,2,Master,0.5
"Thu, Aug 21, 2014 12:51 PM",Discount4August2014,4385,26.80%,39.41%,957,0.00%,100.00%,1.70%,9.78%,16,18.50%,811,0.20%,7,Master,0.5
"Thu, Jan 29, 2015 6:32 PM",Discount4January2015,4378,31.90%,39.41%,1116,9.40%,90.60%,1.70%,9.78%,19,20.10%,879,0.10%,1,Master,0.5
"Tue, Apr 25, 2017 10:29 AM",Awareness3April2017,3861,23.50%,39.41%,798,53.40%,46.60%,13.40%,9.78%,107,11.90%,460,0.00%,0,Master,
"Tue, Apr 26, 2016 1:03 PM",Awareness1April2016,3836,24.60%,39.41%,859,57.60%,42.40%,19.40%,9.78%,167,8.80%,339,0.10%,3,Master,
"Tue, Apr 28, 2015 12:38 PM",Awareness2April2015,313,64.60%,39.41%,197,10.50%,89.50%,0.00%,9.78%,0,2.60%,8,0.00%,0,Target Demographic,
"Tue, Apr 5, 2016 2:57 PM",DiscountApril2016,3915,26.50%,39.41%,946,57.30%,42.70%,1.70%,9.78%,16,8.70%,341,0.10%,5,Master,0.5
"Mon, Jun 29, 2015 5:14 PM",Discount4June2015,86,75.30%,39.41%,64,59.10%,40.90%,1.60%,9.78%,1,1.20%,1,0.00%,0,Customer Rewards Program Member,0.5
"Tue, Apr 7, 2015 3:58 PM",PromotionApril2015,4441,28.90%,39.41%,1046,28.30%,71.70%,2.00%,9.78%,21,18.60%,825,0.10%,2,Master,
"Tue, Apr 8, 2014 3:41 PM",AwarenessApril2014,3704,45.80%,39.41%,1380,22.20%,77.80%,9.20%,9.78%,127,18.70%,691,0.10%,3,Master,
"Wed, Mar 30, 2016 11:13 AM",Discount4March2016,3915,18.60%,39.41%,668,54.10%,45.90%,1.50%,9.78%,10,8.10%,318,0.10%,4,Master,0.5
"Mon, Oct 27, 2014 4:00 PM",Discount2October2014,4393,24.70%,39.41%,880,55.60%,44.40%,1.30%,9.78%,11,18.90%,831,0.10%,2,Master,0.75
"Tue, Aug 12, 2014 5:25 PM",Promotion1August2014,4372,32.50%,39.41%,1159,15.40%,84.60%,1.40%,9.78%,16,18.40%,806,0.10%,4,Master,
"Tue, Aug 15, 2017 6:00 AM",Promotion2August2017,3780,21.80%,39.41%,720,49.70%,50.30%,6.70%,9.78%,48,12.50%,472,0.10%,3,Master,
"Tue, Aug 23, 2016 10:47 AM",Promotion1August2016,193,77.00%,39.41%,147,56.10%,43.90%,10.90%,9.78%,16,1.00%,2,0.00%,0,Target Demographic,
"Tue, Aug 25, 2015 1:06 PM",Promotion2August2015,3898,25.60%,39.41%,932,51.10%,48.90%,0.00%,9.78%,0,6.50%,252,0.10%,3,Master,
"Tue, Aug 29, 2017 11:39 AM",Promotion4August2017,3979,25.20%,39.41%,779,55.00%,45.00%,3.70%,9.78%,29,22.20%,884,0.10%,4,Master,
"Mon, Sep 11, 2017 2:28 PM",Discount3September2017,168,48.20%,39.41%,79,47.30%,52.70%,1.30%,9.78%,1,2.40%,4,0.00%,0,Target Demographic,0.5
"Tue, Aug 4, 2015 3:44 PM",AwarenessAugust2015,192,74.50%,39.41%,143,47.60%,52.40%,18.90%,9.78%,27,0.00%,0,0.00%,0,Target Demographic,
"Tue, Dec 12, 2017 1:41 PM",Promotion1December2017,3538,17.00%,39.41%,587,51.70%,48.30%,1.70%,9.78%,10,2.30%,80,0.10%,3,Master,
"Tue, Feb 2, 2016 2:25 PM",PromotionMarch2016,3870,21.80%,39.41%,777,54.50%,45.50%,5.10%,9.78%,40,8.00%,308,0.10%,4,Master,
"Mon, Apr 18, 2016 3:22 PM",Discount1April2016,3908,26.30%,39.41%,945,56.70%,43.30%,1.10%,9.78%,10,8.20%,321,0.10%,4,Master,0.5
"Tue, Feb 21, 2017 8:16 PM",AwarenessFebruary2017,219,79.30%,39.41%,172,53.00%,47.00%,64.00%,9.78%,110,0.90%,2,0.00%,0,Customer Rewards Program Member,
"Tue, Feb 25, 2014 4:05 PM",AwarenessFebruary2014,236,78.80%,39.41%,182,0.00%,100.00%,47.80%,9.78%,87,2.10%,5,0.00%,0,Customer Rewards Program Member,
"Tue, Feb 27, 2018 12:14 AM",Promotion2February2018,225,67.10%,39.41%,149,57.00%,43.00%,20.10%,9.78%,30,1.30%,3,0.00%,0,Customer Rewards Program Member,
"Mon, Mar 24, 2014 11:41 AM",Discount2March2014,240,74.70%,39.41%,177,0.00%,100.00%,1.10%,9.78%,2,1.30%,3,0.00%,0,Customer Rewards Program Member,0.5
"Thu, Dec 1, 2016 1:12 PM",DiscountDecember2016,3806,26.60%,39.41%,904,55.90%,44.10%,1.10%,9.78%,10,10.70%,407,0.10%,4,Master,0.5
"Tue, Feb 9, 2016 10:18 AM",Promotion1June2016,231,70.90%,39.41%,163,51.50%,48.50%,1.80%,9.78%,3,0.40%,1,0.00%,0,Customer Rewards Program Member,
"Tue, Apr 19, 2016 1:49 PM",Discount2April2016,3908,24.80%,39.41%,887,56.80%,43.20%,1.10%,9.78%,10,8.60%,338,0.10%,5,Master,0.5
"Tue, Mar 22, 2016 3:26 PM",Discount3March2016,3918,24.90%,39.41%,891,52.60%,47.40%,1.10%,9.78%,10,8.50%,334,0.10%,2,Master,0.5
"Mon, May 29, 2017 7:14 AM",Discount5May2017,3833,22.50%,39.41%,762,58.00%,42.00%,1.00%,9.78%,8,11.80%,452,0.10%,2,Master,0.75
"Sat, Jan 7, 2017 4:11 AM",Discount1January2017,3832,23.90%,39.41%,817,58.30%,41.70%,1.00%,9.78%,8,10.90%,418,0.10%,5,Master,0.75
"Tue, Jan 24, 2017 5:30 AM",Awareness2January2017,3813,19.20%,39.41%,649,57.10%,42.90%,4.20%,9.78%,27,11.10%,425,0.20%,6,Master,
"Tue, Jul 15, 2014 4:50 PM",Discount3July2014,4390,27.20%,39.41%,976,0.00%,100.00%,1.00%,9.78%,10,18.30%,803,0.10%,6,Master,0.75
"Tue, Jan 6, 2015 5:00 PM",PromotionJanuary2015,4378,27.30%,39.41%,960,26.30%,73.70%,4.10%,9.78%,39,19.80%,865,0.10%,6,Master,
"Tue, Jan 6, 2015 5:06 PM",AwarenessJanuary2015,4378,29.00%,39.41%,1021,16.70%,83.30%,1.00%,9.78%,10,19.70%,861,0.10%,1,Master,
"Wed, Jul 29, 2015 10:13 AM",Discount4July2015,3870,29.10%,39.41%,1052,50.70%,49.30%,1.00%,9.78%,11,6.50%,250,0.10%,4,Master,0.75
"Tue, Jul 14, 2015 6:13 PM",AwarenessJuly2015,52,75.50%,39.41%,37,45.00%,55.00%,10.80%,9.78%,4,5.80%,3,0.00%,0,Customer Rewards Program Member,
"Tue, Jul 8, 2014 6:40 PM",DiscountJuly2014,138,79.60%,39.41%,109,0.00%,0.00%,0.90%,9.78%,1,0.70%,1,0.00%,0,Customer Rewards Program Member,0.5
"Wed, Dec 17, 2014 2:34 PM",DiscountDecember2014,4394,31.70%,39.41%,1117,15.60%,84.40%,0.90%,9.78%,10,19.80%,872,0.10%,5,Master,0.5
"Tue, Jul 18, 2017 8:00 PM",Awareness1July2017,100,67.30%,39.41%,66,52.60%,47.40%,50.00%,9.78%,33,2.00%,2,0.00%,0,Customer Rewards Program Member,
"Wed, Mar 18, 2015 11:07 AM",Discount2March2015,4440,27.50%,39.41%,978,13.80%,86.20%,0.80%,9.78%,8,19.80%,880,0.10%,2,Master,0.5
"Tue, Jul 22, 2014 1:03 PM",Promotion5July2014,402,47.90%,39.41%,182,0.00%,0.00%,0.00%,9.78%,0,5.50%,22,0.00%,0,Target Demographic,
"Mon, Jul 21, 2014 8:58 AM",Discount7July2014,4376,25.30%,39.41%,904,11.10%,88.90%,0.70%,9.78%,6,18.40%,806,0.10%,5,Master,0.5
"Tue, Jul 22, 2014 4:20 PM",Awareness4July2014,777,48.80%,39.41%,358,0.00%,100.00%,0.00%,9.78%,0,5.70%,44,0.40%,3,Target Demographic,
"Tue, Apr 1, 2014 3:16 PM",DiscountApril2014,4442,29.90%,39.41%,1100,22.20%,77.80%,0.70%,9.78%,8,17.20%,765,0.10%,3,Master,0.5
"Wed, Apr 15, 2015 9:45 AM",Discount3April2015,4385,28.10%,39.41%,1013,27.60%,72.40%,0.70%,9.78%,7,17.70%,777,0.10%,4,Master,0.5
"Wed, May 7, 2014 11:56 AM",Discount3May2014,243,60.50%,39.41%,144,100.00%,0.00%,0.70%,9.78%,1,2.10%,5,0.00%,0,Customer Rewards Program Member,0.5
"Fri, Nov 17, 2017 11:37 AM",Discount1November2017,3925,28.90%,39.41%,1106,51.20%,48.80%,0.60%,9.78%,7,2.30%,92,0.10%,5,Master,0.5
"Tue, Jul 8, 2014 7:04 PM",PromotionJuly2014,4398,27.40%,39.41%,986,40.00%,60.00%,1.90%,9.78%,19,18.30%,805,0.10%,6,Master,
"Tue, Jun 17, 2014 4:31 PM",Awareness2June2014,4423,28.90%,39.41%,1050,31.30%,68.80%,4.60%,9.78%,48,18.00%,796,0.10%,4,Master,
"Tue, Jun 20, 2017 11:24 PM",Awareness1June2017,181,70.80%,39.41%,126,59.30%,40.70%,38.90%,9.78%,49,1.70%,3,0.00%,0,Target Demographic,
"Tue, Jun 27, 2017 11:49 PM",Promotion3June2017,99,77.10%,39.41%,74,48.40%,51.60%,55.40%,9.78%,41,3.00%,3,0.00%,0,Customer Rewards Program Member,
"Tue, Jun 3, 2014 5:17 PM",AwarenessJune2014,93,72.00%,39.41%,67,0.00%,0.00%,1.50%,9.78%,1,0.00%,0,0.00%,0,Customer Rewards Program Member,
"Thu, May 1, 2014 10:52 AM",DiscountMay2014,4461,33.40%,39.41%,1229,9.10%,90.90%,0.60%,9.78%,7,17.60%,783,0.40%,18,Master,0.5
"Tue, Jul 21, 2015 4:46 PM",Discount2July2015,4453,33.00%,39.41%,1196,53.00%,47.00%,0.50%,9.78%,6,18.50%,826,0.20%,8,Master,0.5
"Tue, Mar 14, 2017 4:36 PM",PromotionMarch2017,228,70.40%,39.41%,159,58.90%,41.10%,9.40%,9.78%,15,0.90%,2,0.00%,0,Customer Rewards Program Member,
"Tue, Mar 18, 2014 1:33 PM",PromotionMarch2014,241,76.10%,39.41%,181,0.00%,100.00%,6.60%,9.78%,12,1.20%,3,0.00%,0,Customer Rewards Program Member,
"Fri, Jun 6, 2014 4:34 PM",Discount3June2014,4425,30.70%,39.41%,1115,22.20%,77.80%,0.40%,9.78%,4,18.00%,796,0.30%,13,Master,0.5
"Thu, May 15, 2014 9:47 AM",Discount4May2014,4461,29.80%,39.41%,1091,18.20%,81.80%,0.40%,9.78%,4,17.80%,794,0.10%,5,Master,0.5
"Wed, Apr 15, 2015 9:46 AM",Discount2April2015,4371,30.30%,39.41%,1074,28.90%,71.10%,0.30%,9.78%,3,19.00%,829,0.10%,4,Master,0.5
"Tue, May 19, 2015 3:26 PM",Awareness1May2015,4365,30.50%,39.41%,1087,37.00%,63.00%,5.20%,9.78%,57,18.40%,803,0.10%,1,Master,
"Sat, Apr 12, 2014 3:51 PM",Discount1April2014,4497,37.20%,39.41%,1385,9.10%,90.90%,0.20%,9.78%,3,17.20%,772,0.20%,7,Master,0.5
"Tue, May 3, 2016 4:57 PM",PromotionMay2016,82,79.30%,39.41%,65,42.80%,57.20%,1.50%,9.78%,1,0.00%,0,0.00%,0,Customer Rewards Program Member,
"Sun, May 22, 2016 2:15 PM",Discount4May2016,3908,25.90%,39.41%,926,66.60%,33.40%,0.20%,9.78%,2,8.60%,335,0.10%,1,Master,0.75
"Wed, Feb 25, 2015 5:50 PM",Discount1February2015,4418,29.90%,39.41%,1059,29.40%,70.60%,0.20%,9.78%,2,19.90%,878,0.00%,0,Master,0.75
"Tue, Nov 10, 2015 11:28 AM",AwarenessNovember2015,3907,18.50%,39.41%,672,54.20%,45.80%,1.50%,9.78%,10,7.00%,272,0.10%,2,Master,
"Wed, Mar 18, 2015 2:46 PM",Discount1March2015,4436,31.80%,39.41%,1132,16.70%,83.30%,0.20%,9.78%,2,19.70%,874,0.20%,8,Master,0.75
"Sun, Dec 6, 2015 6:42 PM",DiscountDecember2015,3900,31.70%,39.41%,1147,64.00%,36.00%,0.10%,9.78%,1,7.30%,286,0.10%,2,Master,0.75
"Fri, Aug 11, 2017 11:08 AM",Discount3August2017,2,50.00%,39.41%,1,8.30%,91.70%,0.00%,9.78%,0,0.00%,0,0.00%,0,Customer Rewards Program Member,0.75
"Tue, Oct 10, 2017 1:34 PM",Awareness1October2017,149,78.90%,39.41%,116,56.40%,43.60%,62.90%,9.78%,73,1.30%,2,0.00%,0,Customer Rewards Program Member,
"Tue, Oct 25, 2016 10:09 AM",PromotionOctober2016,3821,18.90%,39.41%,647,60.00%,40.00%,5.10%,9.78%,33,10.60%,404,0.10%,3,Master,
"Fri, Aug 7, 2015 1:17 PM",Discount2August2015,434,40.60%,39.41%,176,56.90%,43.10%,0.00%,9.78%,0,0.00%,0,0.00%,0,Target Demographic,0.75
"Fri, Dec 15, 2017 3:50 PM",Discount2December2017,53,22.60%,39.41%,12,34.10%,65.90%,0.00%,9.78%,0,0.00%,0,0.00%,0,Customer Rewards Program Member,0.75
"Tue, Sep 12, 2017 10:01 PM",Awareness1September2017,148,84.10%,39.41%,122,66.10%,33.90%,72.10%,9.78%,88,2.00%,3,0.00%,0,Customer Rewards Program Member,
"Fri, Jan 9, 2015 7:03 PM",Discount1January2015,4377,26.20%,39.41%,915,37.50%,62.50%,0.00%,9.78%,0,20.10%,878,0.10%,3,Master,0.3
"Tue, Sep 26, 2017 4:47 PM",Promotion4September2017,3940,25.80%,39.41%,893,62.00%,38.00%,1.20%,9.78%,11,12.20%,481,0.10%,3,Master,
"Tue, Sep 29, 2015 4:11 PM",PromotionSeptember2015,195,76.60%,39.41%,147,46.70%,53.30%,2.00%,9.78%,3,1.50%,3,0.00%,0,Customer Rewards Program Member,
"Fri, Jul 18, 2014 3:41 PM",Discount4July2014,101,69.30%,39.41%,70,50.00%,50.00%,0.00%,9.78%,0,0.00%,0,0.00%,0,Target Demographic,0.75
"Fri, Jul 18, 2014 5:40 PM",Discount4July2014,306,41.40%,39.41%,121,0.00%,100.00%,0.00%,9.78%,0,4.60%,14,0.30%,1,Target Demographic,0.75
"Fri, Jun 23, 2017 5:59 AM",Discount4June2017,53,38.00%,39.41%,19,42.40%,57.60%,0.00%,9.78%,0,5.70%,3,0.00%,0,Customer Rewards Program Member,0.75
"Fri, Jun 27, 2014 3:42 PM",Discount5June2014,4028,28.50%,39.41%,939,16.70%,83.30%,0.00%,9.78%,0,18.30%,738,0.20%,9,Master,0.75
"Wed, Apr 15, 2015 9:48 AM",Promotion1April2015,4445,25.70%,39.41%,931,38.30%,61.70%,17.10%,9.78%,159,18.70%,829,0.10%,1,Master,
"Wed, Apr 15, 2015 9:51 PM",Awareness1April2015,4309,31.10%,39.41%,1100,36.60%,63.40%,5.50%,9.78%,61,17.90%,772,0.20%,7,Master,
"Wed, Apr 2, 2014 2:46 PM",PromotionApril2014,3649,35.70%,39.41%,1066,66.70%,33.30%,0.00%,9.78%,0,18.30%,667,0.10%,3,Master,
"Wed, Apr 25, 2018 8:11 PM",Promotion4June2018,118,82.10%,39.41%,96,69.00%,31.00%,45.80%,9.78%,44,0.80%,1,0.00%,0,Target Demographic,
"Wed, Aug 10, 2016 6:09 PM",AwarenessAugust2016,250,71.70%,39.41%,175,57.80%,42.20%,12.00%,9.78%,21,2.40%,6,0.00%,0,Customer Rewards Program Member,
"Wed, Aug 12, 2015 1:28 PM",Awareness1August2015,20,42.10%,39.41%,8,79.30%,20.70%,12.50%,9.78%,1,5.00%,1,0.00%,0,Customer Rewards Program Member,
"Mon, Apr 21, 2014 4:27 PM",Discount4April2014,3627,31.50%,39.41%,932,0.00%,100.00%,0.00%,9.78%,0,18.50%,670,0.10%,5,Master,0.75
"Mon, Apr 6, 2015 7:53 AM",DiscountApril2015,9,66.70%,39.41%,6,0.00%,0.00%,0.00%,9.78%,0,0.00%,0,0.00%,0,Customer Rewards Program Member,0.75
"Wed, Aug 20, 2014 2:42 PM",Promotion2August2014,203,73.90%,39.41%,147,0.00%,100.00%,19.70%,9.78%,29,2.00%,4,0.00%,0,Customer Rewards Program Member,
"Wed, Aug 20, 2014 5:12 PM",Awareness1August2014,195,82.20%,39.41%,157,0.00%,100.00%,38.90%,9.78%,61,2.10%,4,0.00%,0,Customer Rewards Program Member,
"Mon, Aug 3, 2015 2:31 PM",DiscountAugust2015,428,46.10%,39.41%,196,47.70%,52.30%,0.00%,9.78%,0,0.70%,3,0.00%,0,Target Demographic,0.75
"Mon, Dec 25, 2017 1:57 PM",Discount4December2017,53,32.10%,39.41%,17,51.40%,48.60%,0.00%,9.78%,0,0.00%,0,0.00%,0,Customer Rewards Program Member,0.75
"Wed, Feb 21, 2018 3:34 PM",Promotion1February2018,222,68.20%,39.41%,148,62.80%,37.20%,26.40%,9.78%,39,2.30%,5,0.00%,0,Customer Rewards Program Member,
"Mon, Jul 14, 2014 1:19 PM",Discount2July2014,28,64.30%,39.41%,18,0.00%,0.00%,0.00%,9.78%,0,0.00%,0,0.00%,0,Customer Rewards Program Member,0.75
"Wed, Feb 4, 2015 12:43 PM",PromotionFebruary2015,240,71.90%,39.41%,169,25.00%,75.00%,3.60%,9.78%,6,2.10%,5,0.00%,0,Customer Rewards Program Member,
"Mon, Jul 21, 2014 10:44 AM",Discount5July2014,79,59.20%,39.41%,45,0.00%,0.00%,0.00%,9.78%,0,3.80%,3,0.00%,0,Customer Rewards Program Member,0.75
"Mon, Jul 21, 2014 10:49 AM",Discount5July2014,446,39.40%,39.41%,170,0.00%,0.00%,0.00%,9.78%,0,3.40%,15,0.00%,0,Target Demographic,0.4
"Mon, Jun 2, 2014 11:26 AM",DiscountJune2014,4036,25.60%,39.41%,847,33.30%,66.70%,0.00%,9.78%,0,18.00%,728,0.30%,11,Master,0.75
"Mon, May 5, 2014 3:08 PM",Discount2May2014,24,58.30%,39.41%,14,0.00%,0.00%,0.00%,9.78%,0,0.00%,0,0.00%,0,Customer Rewards Program Member,0.4
"Wed, Jan 24, 2018 2:07 PM",Promotion4January2018,3908,25.40%,39.41%,961,52.90%,47.10%,10.90%,9.78%,105,3.10%,121,0.10%,5,Master,
"Wed, Jan 25, 2017 8:33 PM",Promotion3January2017,189,71.70%,39.41%,134,52.10%,47.90%,73.10%,9.78%,98,1.10%,2,0.00%,0,Target Demographic,
"Wed, Jan 3, 2018 6:18 PM",AwarenessJanuary2018,29,72.40%,39.41%,21,41.80%,58.20%,19.00%,9.78%,4,0.00%,0,0.00%,0,Customer Rewards Program Member,
"Sun, Jun 15, 2014 10:01 AM",Discount4June2014,31,71.00%,39.41%,22,0.00%,0.00%,0.00%,9.78%,0,0.00%,0,0.00%,0,Customer Rewards Program Member,0.75
"Wed, Jul 12, 2017 8:22 AM",Promotion1July2017,100,76.00%,39.41%,73,55.20%,44.80%,50.70%,9.78%,37,4.00%,4,0.00%,0,Target Demographic,
"Wed, Jul 15, 2015 10:31 AM",Promotion1July2015,4438,25.20%,39.41%,910,53.60%,46.40%,1.20%,9.78%,11,18.70%,829,0.10%,4,Master,
"Thu, Aug 6, 2015 1:30 PM",Discount1August2015,16,31.30%,39.41%,5,60.00%,40.00%,0.00%,9.78%,0,0.00%,0,0.00%,0,Customer Rewards Program Member,0.75
"Thu, Aug 7, 2014 9:36 AM",DiscountAugust2014,115,45.00%,39.41%,49,0.00%,0.00%,0.00%,9.78%,0,5.20%,6,0.00%,0,Target Demographic,0.75
"Thu, Feb 11, 2016 4:13 PM",Discount3August2016,231,65.70%,39.41%,151,64.00%,36.00%,0.00%,9.78%,0,0.40%,1,0.00%,0,Customer Rewards Program Member,0.75
"Thu, Jul 10, 2014 4:16 PM",Discount1July2014,83,45.90%,39.41%,34,0.00%,0.00%,0.00%,9.78%,0,10.80%,9,0.00%,0,Customer Rewards Program Member,0.75
"Thu, Jul 23, 2015 3:21 PM",Discount3July2015,2,100.00%,39.41%,2,50.00%,50.00%,0.00%,9.78%,0,0.00%,0,0.00%,0,Customer Rewards Program Member,0.3
"Wed, Jul 5, 2017 5:01 PM",PromotionJuly2017,100,72.40%,39.41%,71,64.40%,35.60%,53.50%,9.78%,38,2.00%,2,0.00%,0,Customer Rewards Program Member,
"Thu, Jun 19, 2014 9:10 AM",Discount4June2014,4004,23.80%,39.41%,780,25.00%,75.00%,0.00%,9.78%,0,18.30%,733,0.10%,4,Master,0.75
"Thu, Jun 5, 2014 6:59 PM",Discount2June2014,29,62.10%,39.41%,18,0.00%,0.00%,0.00%,9.78%,0,0.00%,0,0.00%,0,Customer Rewards Program Member,0.75
"Wed, Jun 14, 2017 8:08 AM",Promotion1June2017,160,69.40%,39.41%,109,59.80%,40.20%,54.10%,9.78%,59,1.90%,3,0.00%,0,Target Demographic,
"Thu, May 21, 2015 6:54 PM",Discount4May2015,77,66.20%,39.41%,51,33.30%,66.70%,0.00%,9.78%,0,0.00%,0,0.00%,0,Customer Rewards Program Member,0.75
"Wed, Jun 18, 2014 2:36 PM",Promotion3June2014,97,77.30%,39.41%,75,0.00%,0.00%,5.30%,9.78%,4,0.00%,0,0.00%,0,Customer Rewards Program Member,
"Wed, Jun 24, 2015 4:23 PM",Awareness1June2015,5,80.00%,39.41%,4,49.20%,50.80%,50.00%,9.78%,2,0.00%,0,0.00%,0,Customer Rewards Program Member,
"Wed, Jun 24, 2015 8:32 AM",Promotion2June2015,4318,27.90%,39.41%,974,58.50%,41.50%,10.60%,9.78%,103,19.20%,828,0.20%,9,Master,
"Wed, Jun 29, 2016 5:44 PM",Promotion2June2016,3942,24.00%,39.41%,858,64.30%,35.70%,4.30%,9.78%,37,9.20%,361,0.10%,4,Master,
"Thu, May 29, 2014 6:13 PM",Discount10May2014,4061,44.50%,39.41%,1483,25.00%,75.00%,0.00%,9.78%,0,17.90%,727,0.20%,9,Master,0.75
"Wed, Mar 15, 2017 3:56 PM",AwarenessMarch2017,228,64.20%,39.41%,145,56.70%,43.30%,7.60%,9.78%,11,0.90%,2,0.00%,0,Customer Rewards Program Member,
"Thu, Sep 1, 2016 12:49 PM",DiscountSeptember2016,3839,24.00%,39.41%,830,58.90%,41.10%,0.00%,9.78%,0,9.80%,376,0.10%,5,Master,0.75
"Thu, Sep 25, 2014 8:37 AM",Discount1September2014,52,76.60%,39.41%,36,0.00%,100.00%,0.00%,9.78%,0,9.60%,5,0.00%,0,Customer Rewards Program Member,0.75
"Wed, Mar 18, 2015 4:22 PM",Promotion1March2015,265,71.20%,39.41%,183,21.10%,78.90%,8.20%,9.78%,15,3.00%,8,0.00%,0,Customer Rewards Program Member,
"Wed, Mar 19, 2014 12:51 PM",AwarenessMarch2014,4456,40.40%,39.41%,1490,14.30%,85.70%,6.40%,9.78%,96,17.10%,764,0.10%,2,Master,
"Wed, Mar 26, 2014 5:49 PM",Awareness1March2014,238,81.50%,39.41%,189,0.00%,100.00%,27.50%,9.78%,52,2.50%,6,0.00%,0,Customer Rewards Program Member,
"Thu, Sep 28, 2017 2:16 PM",Discount5September2017,48,41.30%,39.41%,19,41.70%,58.30%,0.00%,9.78%,0,4.20%,2,0.00%,0,Customer Rewards Program Member,0.75
"Tue, Apr 22, 2014 2:19 PM",Discount6April2014,80,77.60%,39.41%,59,0.00%,0.00%,0.00%,9.78%,0,5.00%,4,0.00%,0,Customer Rewards Program Member,0.75
"Wed, Mar 30, 2016 9:37 AM",Promotion2March2016,3919,21.00%,39.41%,756,56.10%,43.90%,2.60%,9.78%,20,8.10%,318,0.20%,6,Master,
"Wed, Mar 9, 2016 11:43 AM",AwarenessMarch2016,291,67.10%,39.41%,192,54.90%,45.10%,9.40%,9.78%,18,1.70%,5,0.00%,0,Target Demographic,
"Tue, Feb 2, 2016 2:45 PM",DiscountFebruary2016,66,43.90%,39.41%,29,70.70%,29.30%,0.00%,9.78%,0,0.00%,0,0.00%,0,Customer Rewards Program Member,0.75
"Tue, Feb 4, 2014 4:19 PM",DiscountFebruary2014,322,42.40%,39.41%,132,0.00%,100.00%,0.00%,9.78%,0,3.40%,11,0.60%,2,Target Demographic,0.75
"Wed, Mar 9, 2016 4:15 PM",Promotion1March2016,63,62.30%,39.41%,38,57.10%,42.90%,0.00%,9.78%,0,3.20%,2,0.00%,0,Customer Rewards Program Member,
"Tue, Jul 22, 2014 10:28 AM",Discount8July2014,83,47.90%,39.41%,35,0.00%,0.00%,0.00%,9.78%,0,12.00%,10,0.00%,0,Customer Rewards Program Member,0.75
"Wed, May 13, 2015 4:34 PM",AwarenessMay2015,4346,37.90%,39.41%,1345,39.50%,60.50%,3.40%,9.78%,46,18.20%,793,0.10%,5,Master,
"Wed, May 14, 2014 10:55 AM",Promotion3May2014,272,36.40%,39.41%,94,0.00%,0.00%,0.00%,9.78%,0,5.10%,14,0.00%,0,Customer Rewards Program Member,
"Wed, May 14, 2014 11:06 AM",Awareness2May2014,628,36.70%,39.41%,220,0.00%,0.00%,0.00%,9.78%,0,4.60%,29,0.20%,1,Target Demographic,
"Tue, May 3, 2016 10:27 AM",DiscountMay2016,238,49.80%,39.41%,117,53.10%,46.90%,0.00%,9.78%,0,1.30%,3,0.00%,0,Customer Rewards Program Member,0.75
"Wed, May 21, 2014 4:55 PM",Promotion4May2014,87,70.10%,39.41%,61,0.00%,0.00%,6.60%,9.78%,4,0.00%,0,0.00%,0,Customer Rewards Program Member,
"Wed, May 24, 2017 4:58 PM",Awareness2May2017,3835,19.50%,39.41%,660,50.30%,49.70%,5.50%,9.78%,36,11.60%,444,0.00%,0,Master,
"Wed, May 25, 2016 3:20 PM",Awareness2May2016,101,80.00%,39.41%,80,47.20%,52.80%,42.50%,9.78%,34,1.00%,1,0.00%,0,Target Demographic,
"Wed, May 27, 2015 10:07 PM",Promotion3May2015,79,75.90%,39.41%,60,25.00%,75.00%,50.00%,9.78%,30,0.00%,0,0.00%,0,Customer Rewards Program Member,
"Wed, May 27, 2015 10:08 PM",Awareness2May2015,85,81.70%,39.41%,67,15.40%,84.60%,26.90%,9.78%,18,3.50%,3,0.00%,0,Customer Rewards Program Member,
"Tue, Oct 10, 2017 1:07 PM",Discount3October2017,51,40.80%,39.41%,20,57.90%,42.10%,0.00%,9.78%,0,3.90%,2,0.00%,0,Customer Rewards Program Member,0.75
"Wed, Feb 10, 2016 5:28 PM",Discount2July2016,231,81.70%,39.41%,188,72.20%,27.80%,0.00%,9.78%,0,0.40%,1,0.00%,0,Customer Rewards Program Member,0.75
"Wed, Jul 15, 2015 3:23 PM",Discount1July2015,57,13.30%,39.41%,6,50.00%,50.00%,0.00%,9.78%,0,21.10%,12,1.80%,1,Customer Rewards Program Member,0.75
"Wed, May 28, 2014 5:30 PM",Promotion5May2014,1500,22.80%,39.41%,276,0.00%,0.00%,0.40%,9.78%,1,19.40%,291,0.10%,1,Master,
"Wed, May 28, 2014 5:36 PM",Awareness4May2014,23,100.00%,39.41%,11,0.00%,100.00%,0.00%,9.78%,0,52.20%,12,4.30%,1,Customer Rewards Program Member,
"Wed, Jul 27, 2016 5:02 PM",Discount3July2016,3836,26.90%,39.41%,931,56.10%,43.90%,0.00%,9.78%,0,9.60%,369,0.10%,4,Master,0.75
"Wed, May 31, 2017 5:09 PM",Promotion4May2017,3823,29.30%,39.41%,987,60.50%,39.50%,0.30%,9.78%,3,11.80%,450,0.00%,0,Master,
"Wed, May 31, 2017 8:20 PM",Awareness3May2017,139,72.50%,39.41%,100,59.50%,40.50%,39.00%,9.78%,39,0.70%,1,0.00%,0,Customer Rewards Program Member,
"Wed, May 4, 2016 4:48 PM",AwarenessMay2016,52,76.90%,39.41%,40,58.30%,41.70%,7.50%,9.78%,3,0.00%,0,0.00%,0,Customer Rewards Program Member,
"Wed, Jun 4, 2014 3:29 PM",Discount1June2014,294,53.30%,39.41%,155,0.00%,100.00%,0.00%,9.78%,0,1.00%,3,0.00%,0,Target Demographic,0.75
"Wed, May 7, 2014 10:51 AM",Awareness1May2014,4462,25.00%,39.41%,918,0.00%,100.00%,0.50%,9.78%,5,17.70%,791,0.10%,4,Master,
"Wed, May 11, 2016 4:56 PM",Discount3May2016,47,81.80%,39.41%,36,69.90%,30.10%,0.00%,9.78%,0,6.40%,3,0.00%,0,Customer Rewards Program Member,0.75
"Wed, May 27, 2015 3:28 PM",Discount4May2015,83,59.80%,39.41%,49,25.00%,75.00%,0.00%,9.78%,0,1.20%,1,0.00%,0,Customer Rewards Program Member,0.75
"Wed, Nov 2, 2016 3:51 PM",PromotionNovember2016,3812,24.10%,39.41%,820,58.60%,41.40%,8.70%,9.78%,71,10.60%,404,0.10%,3,Master,
"Wed, May 27, 2015 3:28 PM",Discount5May2015,79,59.50%,39.41%,47,33.30%,66.70%,0.00%,9.78%,0,0.00%,0,0.00%,0,Customer Rewards Program Member,0.3
"Wed, May 28, 2014 5:38 PM",Discount8May2014,295,82.30%,39.41%,163,0.00%,100.00%,0.00%,9.78%,0,32.90%,97,0.00%,0,Target Demographic,0.75
"Wed, Nov 4, 2015 9:59 AM",PromotionNovember2015,3905,28.90%,39.41%,1047,53.70%,46.30%,3.20%,9.78%,33,7.20%,280,0.10%,2,Master,
"Wed, Oct 18, 2017 11:44 AM",Promotion3October2017,149,78.90%,39.41%,116,54.60%,45.40%,79.30%,9.78%,92,1.30%,2,0.00%,0,Customer Rewards Program Member,
"Wed, Oct 25, 2017 8:27 PM",Promotion4October2017,239,66.10%,39.41%,156,56.50%,43.50%,30.10%,9.78%,47,1.30%,3,0.00%,0,Customer Rewards Program Member,
"Wed, Oct 4, 2017 11:12 AM",AwarenessOctober2017,4017,24.50%,39.41%,865,56.30%,43.70%,4.40%,9.78%,38,12.00%,482,0.00%,0,Master,
"Wed, Oct 4, 2017 11:15 AM",PromotionOctober2017,173,61.40%,39.41%,105,45.80%,54.20%,7.60%,9.78%,8,1.20%,2,0.00%,0,Target Demographic,
"Wed, Sep 10, 2014 6:02 PM",PromotionSeptember2014,3956,40.50%,39.41%,1294,27.30%,72.70%,0.00%,9.78%,0,19.20%,760,0.10%,5,Master,
"Wed, Sep 13, 2017 11:42 AM",Promotion2September2017,174,60.60%,39.41%,103,56.20%,43.80%,6.80%,9.78%,7,2.30%,4,0.00%,0,Target Demographic,
"Wed, Sep 24, 2014 1:32 PM",AwarenessSeptember2014,205,66.80%,39.41%,133,18.20%,81.80%,0.00%,9.78%,0,2.90%,6,0.00%,0,Customer Rewards Program Member,
"Wed, Sep 27, 2017 7:01 PM",Awareness3September2017,148,80.10%,39.41%,117,55.60%,44.40%,55.60%,9.78%,65,1.40%,2,0.00%,0,Customer Rewards Program Member,
"Wed, Sep 30, 2015 10:38 AM",AwarenessSeptember2015,11,27.30%,39.41%,3,50.00%,50.00%,0.00%,9.78%,0,0.00%,0,0.00%,0,Customer Rewards Program Member,
"Wed, Sep 6, 2017 8:58 AM",PromotionSeptember2017,214,70.80%,39.41%,150,57.60%,42.40%,76.70%,9.78%,115,0.90%,2,0.50%,1,Customer Rewards Program Member,